2021-02-17 11:25:41,182,Zephyrix Iceshard,134,Girdle of Strength,34,Bought From
2021-10-18 15:55:57,27,Xyra Steelstrike,158,Sunfire Cape,98,Sold To
2021-04-03 01:57:35,88,Ulfrik Ragefang,117,Sword of the Paladin,364,Bought From
2022-02-14 13:05:19,166,Keldra Moonshard,93,Sword of the Paladin,90,Bought From
2023-03-01 03:42:20,181,Lunarion Darkbane,188,Wand of Time,43,Bought From
2022-03-20 02:30:30,253,Aryndis Mistmantle,142,Boots of the Pathfinder,75,Sold To
2023-04-25 16:03:21,138,Raelis Bloodfang,161,Chains of the Abyss,98,Bought From
2021-03-29 13:13:43,33,Zyraziel Swiftblade,29,Windfury Longsword,756,Bought From
2022-09-01 16:07:57,198,Elandria Deathbringer,207,Boots of Swiftness,25,Sold To
2022-10-16 13:19:03,55,Morwyn Warclaw,199,Potion of Dire Strength,18,Bought From
2023-01-14 21:07:18,96,Oromis Nightshade,78,Amulet of the Stars,8,Sold To
2023-04-24 20:34:49,16,Oberion Ironthorn,2,Bread of the Wise,25,Sold To
2022-07-05 05:07:09,198,Elandria Deathbringer,52,Amulet of the Moon,52,Talked
2023-01-30 00:07:08,184,Illinor Thunderclap,174,Flask of Infinite Courage,65,Bought From
2022-07-22 22:18:41,38,Runorin Grimspine,24,Scroll of the Phoenix,320,Bought From
2023-01-08 23:47:53,258,Raelan Leafwhisper,64,Lockpick of Fates,12,Sold To
2021-05-15 08:42:01,255,Xyphera Leafwhisper,115,Amulet of the Fallen King,86,Bought From
2021-02-14 07:58:44,43,Thorgath Ravenclaw,45,Boots of the Pathfinder,364,Bought From
2022-09-15 13:05:06,272,Goromir Skullcrusher,159,Potion of Eternal Vigor,8,Bought From
2023-01-21 13:18:16,55,Morwyn Warclaw,97,Goblin-made Flail,523,Bought From
2021-09-24 05:51:00,33,Zyraziel Swiftblade,75,Crystal of the Ancients,67,Bought From
2021-05-22 19:49:08,204,Aryndis Leafwhisper,183,Enchanted Waterskin,63,Talked
2023-07-09 22:35:55,169,Daelis Dragonfang,94,Greatsword of Heavenly Wrath,51,Sold To
2023-07-18 08:07:56,15,Thaelen Glowspark,11,Potion of Mana Regeneration,543,Sold To
2022-01-29 17:44:54,199,Belthorn Cragjaw,11,Potion of Mana Regeneration,543,Sold To
2022-01-02 12:42:53,220,Elidora Grimspine,54,Frostfire Staff,523,Bought From
2022-09-12 06:52:49,228,Selendis Ravenclaw,45,Boots of the Pathfinder,364,Sold To
2021-01-23 05:06:59,125,Azalor Shadowgale,50,Boots of the Pathfinder,523,Bought From
2022-10-30 18:40:48,32,Qelthar Iceshard,159,Potion of Eternal Vigor,8,Sold To
2022-07-31 17:01:03,198,Elandria Deathbringer,153,Blade of the Fallen,65,Bought From
2021-02-05 05:20:08,79,Veyla Sunspire,75,Crystal of the Ancients,67,Sold To
2021-09-05 17:39:59,135,Xyra Whitewolf,35,Blade of the Archmage,967,Talked
2022-08-07 05:39:30,25,Orin Earthstrider,94,Greatsword of Heavenly Wrath,51,Bought From
2022-02-21 16:18:11,140,Solandria Grimspine,137,Scroll of Forgotten Knowledge,23,Bought From
2021-02-24 01:09:55,192,Grundor Steelstrike,49,Robes of the Archmage,523,Sold To
2021-02-19 21:17:37,125,Azalor Shadowgale,53,Axe of the Moon Chieftain,754,Sold To
2023-07-06 15:37:39,215,Saphyra Skullcrusher,200,Staff of Eldritch Power,82,Sold To
2022-08-08 18:48:27,278,Elanor Earthshaker,69,Potion of Eternal Vigor,867,Sold To
2021-03-17 20:39:25,246,Runorin Darkveil,65,Ring of the Fallen King,42,Bought From
2023-07-05 23:09:21,93,Isolde Runesong,32,Tome of Elemental Secrets,51,Bought From
2021-06-16 04:07:55,22,Gilean Oakheart,208,Robe of the Sage,84,Bought From
2023-03-13 05:24:51,55,Morwyn Warclaw,38,Axe of the Moon Chieftain,423,Sold To
2023-08-05 13:48:23,69,Valyndra Bloodfang,137,Scroll of Forgotten Knowledge,23,Bought From
2021-12-30 10:11:36,116,Delgath Earthstrider,117,Sword of the Paladin,364,Bought From
2021-04-25 16:58:48,82,Aryndis Skyfury,131,Blade of the Fallen,323,Talked
2021-07-03 05:58:25,4,Laelor Nightshade,179,Scroll of Forgotten Knowledge,34,Sold To
2022-01-08 18:51:15,262,Selendis Starshield,131,Blade of the Fallen,323,Sold To
2021-01-15 20:40:06,156,Aryndis Moonshard,191,Amulet of the Fallen Queen,63,Sold To
2022-09-28 02:24:53,88,Ulfrik Ragefang,9,Spectral Chainmail,43,Bought From
2022-11-12 01:53:29,269,Goromir Shadowheart,117,Sword of the Paladin,364,Sold To
2022-10-03 02:01:12,225,Morwyn Darkveil,183,Enchanted Waterskin,63,Talked
2022-01-22 18:36:37,207,Aerendir Earthshaker,142,Boots of the Pathfinder,75,Bought From
2021-12-20 00:26:53,132,Thera Dragonfang,121,Cloak of Elvenkind,43,Sold To
2023-08-17 08:40:50,163,Saphyra Bloodfang,149,Blade of the Fallen,76,Bought From
2023-01-21 13:54:25,16,Oberion Ironthorn,154,Robe of the Sage,65,Sold To
2022-11-24 08:20:54,113,Oberion Stoneshield,91,Greaves of the Vanguard,82,Sold To
2021-03-24 16:09:59,35,Drakan Seaspray,11,Potion of Mana Regeneration,543,Talked
2021-10-12 12:25:33,7,Raelan Frostbite,184,Amulet of the Moon,74,Sold To
2021-06-10 05:12:05,198,Elandria Deathbringer,69,Potion of Eternal Vigor,867,Sold To
2023-05-10 03:18:58,82,Aryndis Skyfury,156,Robe of the Sage,87,Sold To
2021-07-08 15:16:14,248,Thundara Skullcrusher,143,Staff of Tranquility,634,Sold To
2022-09-22 00:43:58,87,Grundor Ironthorn,45,Boots of the Pathfinder,364,Bought From
2023-09-12 16:49:06,237,Lyrielle Dreadbane,213,Staff of Eldritch Power,42,Bought From
2023-01-28 01:15:13,241,Delgath Ravenclaw,83,Potion of Eternal Vigor,92,Sold To
2022-05-24 17:54:18,209,Kyrion Lightbringer,32,Tome of Elemental Secrets,51,Talked
2021-02-26 06:39:16,1,Ulfrik Skyshard,125,Harvest Moon Scepter,25,Bought From
2021-04-03 19:49:07,104,Oberion Leafwhisper,6,Crossbow of Fiery Vengeance,432,Sold To
2023-06-01 05:16:38,49,Elandria Shadowflame,29,Windfury Longsword,756,Sold To
2022-01-17 22:01:22,169,Daelis Dragonfang,27,Shield of the Dwarven Lords,2,Bought From
2021-10-24 17:46:33,29,Zyralor Ironthorn,208,Robe of the Sage,84,Sold To
2022-03-17 20:36:29,100,Zephyrix Firethorn,199,Potion of Dire Strength,18,Sold To
2022-09-12 00:37:58,69,Valyndra Bloodfang,94,Greatsword of Heavenly Wrath,51,Sold To
2022-06-09 10:56:42,134,Aryndis Nightshade,57,Amethyst Soul Amulet,52,Sold To
2021-10-15 05:26:59,226,Keldra Ravenclaw,54,Frostfire Staff,523,Sold To
2021-01-31 11:55:37,173,Faelthorn Brightscale,32,Tome of Elemental Secrets,51,Talked
2023-09-14 23:45:47,182,Zephyrix Iceshard,19,Plaguebringer Scythe,4,Bought From
2022-08-31 06:50:17,40,Zyralor Starshield,32,Tome of Elemental Secrets,51,Talked
2022-10-23 02:20:49,201,Thorgal Shadowgale,181,Mystic Lightshield,54,Sold To
2021-04-13 14:11:47,49,Elandria Shadowflame,149,Blade of the Fallen,76,Sold To
2021-10-21 04:06:32,255,Xyphera Leafwhisper,173,Robes of the Archmage,45,Sold To
2022-02-10 01:10:37,190,Thorgrim Stoneforge,142,Boots of the Pathfinder,75,Bought From
2022-07-06 07:48:20,48,Orik Stormstrike,46,Quicksilver Bullets,35,Bought From
2022-12-26 16:59:18,138,Raelis Bloodfang,52,Amulet of the Moon,52,Bought From
2021-02-10 09:00:17,244,Quorlinn Ironsong,146,Veil of the Tempest,54,Sold To
2023-07-13 11:50:55,186,Raelis Ravenclaw,19,Plaguebringer Scythe,4,Bought From
2022-10-31 07:33:27,87,Grundor Ironthorn,150,Potion of Mana Regeneration,65,Bought From
2021-01-15 14:19:20,46,Ashara Frostbane,27,Shield of the Dwarven Lords,2,Sold To
2023-03-17 12:34:24,33,Zyraziel Swiftblade,203,Amulet of the Wind Whisperer,24,Sold To
2022-03-09 07:35:59,244,Quorlinn Ironsong,158,Sunfire Cape,98,Sold To
2022-08-21 12:39:52,49,Elandria Shadowflame,142,Boots of the Pathfinder,75,Sold To
2023-08-05 06:55:55,125,Azalor Shadowgale,107,Ring of the Sages,856,Talked
2023-03-19 20:16:28,156,Aryndis Moonshard,159,Potion of Eternal Vigor,8,Sold To
2021-11-25 10:40:34,280,Gwynara Swiftwind,191,Amulet of the Fallen Queen,63,Bought From
2022-11-12 15:41:57,204,Aryndis Leafwhisper,121,Cloak of Elvenkind,43,Sold To
2023-02-13 20:36:21,90,Endora Darkfall,173,Robes of the Archmage,45,Bought From
2022-08-07 07:45:20,15,Thaelen Glowspark,130,Crown of the Lost King,22,Bought From
2023-01-25 14:48:58,233,Selendis Fellseeker,67,Amulet of the Wind Whisperer,420,Bought From
2022-06-13 14:56:30,276,Thorgrim Shadowgale,213,Staff of Eldritch Power,42,Sold To
2023-01-22 17:00:42,134,Aryndis Nightshade,69,Potion of Eternal Vigor,867,Talked
2022-03-23 14:09:30,222,Valeria Stormblade,130,Crown of the Lost King,22,Sold To
2021-10-05 20:06:24,128,Gorgrim Fellseeker,194,Stormbringer Blade,63,Sold To
2021-07-26 00:36:37,29,Zyralor Ironthorn,207,Boots of Swiftness,25,Sold To
2022-11-03 23:44:56,179,Thorgrim Skyshard,173,Robes of the Archmage,45,Sold To
2022-08-15 02:58:24,130,Lythor Bearclaw,44,Amulet of the Fallen King,72,Bought From
2022-04-22 12:48:05,76,Daelis Shadowgale,190,Windfury Longsword,63,Sold To
2022-03-11 19:23:52,25,Orin Earthstrider,35,Blade of the Archmage,967,Bought From
2023-09-08 09:01:03,278,Elanor Earthshaker,30,Cursed Bone Necklace,23,Sold To
2021-08-24 14:16:39,80,Zaela Dragonfang,107,Ring of the Sages,856,Bought From
2021-08-19 21:17:09,43,Thorgath Ravenclaw,86,Blade of the Fallen,28,Bought From
2021-11-05 21:18:39,40,Zyralor Starshield,41,Tome of the Elders,272,Bought From
2023-03-01 12:34:44,135,Xyra Whitewolf,124,Armbands of Resilience,64,Bought From
2023-02-18 12:19:01,43,Thorgath Ravenclaw,191,Amulet of the Fallen Queen,63,Bought From
2022-02-02 20:34:10,190,Thorgrim Stoneforge,83,Potion of Eternal Vigor,92,Bought From
2022-05-07 15:45:16,210,Xyra Firetalon,81,Rune-etched Crossbow,56,Sold To
2023-09-14 03:35:56,258,Raelan Leafwhisper,50,Boots of the Pathfinder,523,Sold To
2021-06-18 22:12:39,192,Grundor Steelstrike,78,Amulet of the Stars,8,Bought From
2022-12-05 23:41:38,259,Thorgrim Dreadbane,150,Potion of Mana Regeneration,65,Sold To
2021-11-26 05:05:51,40,Zyralor Starshield,205,Bread of the Wise,34,Talked
2023-02-16 15:18:19,97,Lyrielle Frostclaw,47,Amulet of the Fallen King,412,Bought From
2023-08-09 04:43:10,79,Veyla Sunspire,125,Harvest Moon Scepter,25,Sold To
2022-05-26 00:26:53,15,Thaelen Glowspark,195,Potion of Mana Regeneration,72,Sold To
2022-04-03 15:26:54,20,Zaela Shadowgale,46,Quicksilver Bullets,35,Bought From
2022-07-07 09:15:53,56,Aryndis Whitewolf,93,Sword of the Paladin,90,Sold To
2022-04-27 08:33:55,195,Saphyra Moonshard,86,Blade of the Fallen,28,Bought From
2023-08-24 06:20:08,246,Runorin Darkveil,131,Blade of the Fallen,323,Sold To
2022-07-03 18:29:47,215,Saphyra Skullcrusher,112,Ring of the Fallen King,86,Sold To
2021-03-25 03:02:29,200,Selendis Swiftblade,200,Staff of Eldritch Power,82,Bought From
2021-03-21 03:56:33,4,Laelor Nightshade,183,Enchanted Waterskin,63,Bought From
2022-08-22 23:27:37,222,Valeria Stormblade,72,Axe of the Moon Chieftain,42,Bought From
2023-05-03 12:52:09,150,Aerendir Stoneshield,191,Amulet of the Fallen Queen,63,Bought From
2023-04-18 21:04:08,179,Thorgrim Skyshard,208,Robe of the Sage,84,Talked
2023-06-12 11:04:06,160,Orin Shadowheart,134,Girdle of Strength,34,Sold To
2021-05-25 12:04:14,150,Aerendir Stoneshield,10,Greatsword of Heavenly Wrath,444,Sold To
2021-03-04 03:49:28,216,Valdrick Frostclaw,54,Frostfire Staff,523,Bought From
2023-03-02 03:50:16,87,Grundor Ironthorn,184,Amulet of the Moon,74,Sold To
2022-01-31 22:01:33,258,Raelan Leafwhisper,29,Windfury Longsword,756,Sold To
2021-07-06 00:55:00,169,Daelis Dragonfang,69,Potion of Eternal Vigor,867,Sold To
2023-01-06 23:51:12,181,Lunarion Darkbane,88,Demon's Blood Elixir,73,Talked
2021-03-18 11:41:28,82,Aryndis Skyfury,35,Blade of the Archmage,967,Talked
2021-09-01 03:55:40,104,Oberion Leafwhisper,124,Armbands of Resilience,64,Sold To
2022-05-20 00:40:50,274,Lyrielle Seaspray,99,Tome of Elemental Secrets,532,Sold To
2021-03-17 14:12:13,200,Selendis Swiftblade,14,Boots of Celestial Steps,453,Bought From
2021-03-17 03:20:59,190,Thorgrim Stoneforge,112,Ring of the Fallen King,86,Sold To
2022-06-29 04:54:59,246,Runorin Darkveil,156,Robe of the Sage,87,Bought From
2022-08-05 09:04:27,156,Aryndis Moonshard,125,Harvest Moon Scepter,25,Bought From
2022-02-09 17:26:54,80,Zaela Dragonfang,124,Armbands of Resilience,64,Bought From
2021-10-16 13:22:15,130,Lythor Bearclaw,72,Axe of the Moon Chieftain,42,Talked
2022-04-05 20:07:21,204,Aryndis Leafwhisper,125,Harvest Moon Scepter,25,Sold To
2021-05-14 05:25:33,218,Nymriel Whitewolf,19,Plaguebringer Scythe,4,Sold To
2021-12-21 09:01:09,204,Aryndis Leafwhisper,102,Armor of the Sea Spirit,74,Bought From
2023-03-11 22:58:34,4,Laelor Nightshade,11,Potion of Mana Regeneration,543,Talked
2022-10-30 01:59:59,74,Veylan Earthstrider,91,Greaves of the Vanguard,82,Bought From
2021-10-04 20:51:10,195,Saphyra Moonshard,44,Amulet of the Fallen King,72,Bought From
2023-07-20 08:51:52,79,Veyla Sunspire,168,Dagger of Betrayal,765,Bought From
2021-03-30 09:21:42,233,Selendis Fellseeker,161,Chains of the Abyss,98,Sold To
2021-10-10 13:46:58,241,Delgath Ravenclaw,97,Goblin-made Flail,523,Bought From
2023-05-01 07:42:14,96,Oromis Nightshade,29,Windfury Longsword,756,Sold To
2022-10-02 11:50:32,32,Qelthar Iceshard,134,Girdle of Strength,34,Sold To
2023-01-24 11:13:48,250,Belthorn Ashmantle,53,Axe of the Moon Chieftain,754,Bought From
2021-04-19 15:04:02,218,Nymriel Whitewolf,29,Windfury Longsword,756,Bought From
2023-04-04 22:31:02,246,Runorin Darkveil,59,Veil of the Tempest,5,Bought From
2023-03-25 03:14:37,178,Zephyra Snowfall,10,Greatsword of Heavenly Wrath,444,Bought From
2021-06-18 19:34:51,210,Xyra Firetalon,168,Dagger of Betrayal,765,Bought From
2022-11-05 08:53:36,253,Aryndis Mistmantle,194,Stormbringer Blade,63,Sold To
2023-03-16 06:13:28,169,Daelis Dragonfang,208,Robe of the Sage,84,Sold To
2021-09-30 08:04:24,187,Thaldor Shadowflame,44,Amulet of the Fallen King,72,Bought From
2023-06-20 11:30:58,147,Valyndra Earthshaker,9,Spectral Chainmail,43,Sold To
2023-03-12 18:27:18,199,Belthorn Cragjaw,86,Blade of the Fallen,28,Bought From
2021-12-26 22:33:05,122,Aerendir Earthstrider,112,Ring of the Fallen King,86,Bought From
2021-02-16 09:16:38,100,Zephyrix Firethorn,190,Windfury Longsword,63,Bought From
2022-10-07 20:40:53,179,Thorgrim Skyshard,112,Ring of the Fallen King,86,Sold To
2022-05-29 13:45:00,213,Veylan Seaspray,35,Blade of the Archmage,967,Bought From
2022-05-15 11:22:49,113,Oberion Stoneshield,183,Enchanted Waterskin,63,Sold To
2021-07-02 05:32:04,87,Grundor Ironthorn,154,Robe of the Sage,65,Sold To
2021-05-19 02:41:30,132,Thera Dragonfang,131,Blade of the Fallen,323,Talked
2023-06-09 19:46:33,210,Xyra Firetalon,24,Scroll of the Phoenix,320,Sold To
2021-01-02 05:57:05,92,Thaelis Firemantle,181,Mystic Lightshield,54,Bought From
2023-03-21 07:20:09,56,Aryndis Whitewolf,112,Ring of the Fallen King,86,Bought From
2023-01-14 15:46:05,122,Aerendir Earthstrider,191,Amulet of the Fallen Queen,63,Bought From
2023-05-13 03:18:30,59,Zaela Shadowheart,174,Flask of Infinite Courage,65,Bought From
2021-07-13 15:38:47,201,Thorgal Shadowgale,131,Blade of the Fallen,323,Sold To
2023-08-23 10:28:52,200,Selendis Swiftblade,137,Scroll of Forgotten Knowledge,23,Bought From
2023-05-10 23:43:56,228,Selendis Ravenclaw,150,Potion of Mana Regeneration,65,Sold To
2023-04-21 21:46:07,35,Drakan Seaspray,75,Crystal of the Ancients,67,Sold To
2021-10-01 12:59:32,158,Elandria Firethorn,102,Armor of the Sea Spirit,74,Bought From
2022-11-12 15:25:25,197,Illinor Silvermoon,143,Staff of Tranquility,634,Sold To
2021-02-13 02:26:11,55,Morwyn Warclaw,181,Mystic Lightshield,54,Bought From
2023-03-16 06:48:33,178,Zephyra Snowfall,32,Tome of Elemental Secrets,51,Bought From
2022-03-26 10:57:30,56,Aryndis Whitewolf,184,Amulet of the Moon,74,Bought From
2021-05-21 18:29:12,40,Zyralor Starshield,200,Staff of Eldritch Power,82,Bought From
2022-04-15 15:39:37,88,Ulfrik Ragefang,139,Sacred Feather Talisman,640,Sold To
2021-07-28 09:40:17,155,Veyla Brightscale,154,Robe of the Sage,65,Sold To
2023-06-20 04:54:11,150,Aerendir Stoneshield,142,Boots of the Pathfinder,75,Sold To
2023-06-09 05:25:00,268,Xyphera Firetalon,156,Robe of the Sage,87,Sold To
2022-09-30 23:10:06,7,Raelan Frostbite,134,Girdle of Strength,34,Sold To
2021-05-19 19:23:55,2,Serafelle Earthward,130,Crown of the Lost King,22,Sold To
2021-02-07 02:12:58,218,Nymriel Whitewolf,122,Crossbow of Fiery Vengeance,63,Bought From
2022-12-22 21:38:36,27,Xyra Steelstrike,124,Armbands of Resilience,64,Sold To
2021-01-14 08:27:15,76,Daelis Shadowgale,50,Boots of the Pathfinder,523,Sold To
2023-02-16 14:47:58,127,Xirelle Darkfall,144,Axe of the Moon Chieftain,21,Sold To
2022-04-27 15:40:27,90,Endora Darkfall,159,Potion of Eternal Vigor,8,Bought From
2023-05-11 19:09:10,242,Veyla Earthstrider,188,Wand of Time,43,Bought From
2021-01-16 17:33:11,230,Oromis Darkbane,199,Potion of Dire Strength,18,Bought From
2023-04-26 21:35:06,278,Elanor Earthshaker,181,Mystic Lightshield,54,Sold To
2021-11-01 01:39:38,35,Drakan Seaspray,102,Armor of the Sea Spirit,74,Sold To
2021-10-06 08:22:25,16,Oberion Ironthorn,11,Potion of Mana Regeneration,543,Sold To
2022-11-24 01:28:10,79,Veyla Sunspire,44,Amulet of the Fallen King,72,Bought From
2021-02-11 15:15:08,61,Elanor Ironthorn,17,Pauldrons of the Bear,423,Sold To
2023-07-13 05:30:12,259,Thorgrim Dreadbane,168,Dagger of Betrayal,765,Bought From
2023-04-15 03:56:04,80,Zaela Dragonfang,17,Pauldrons of the Bear,423,Sold To
2022-07-14 18:04:47,79,Veyla Sunspire,188,Wand of Time,43,Sold To
2023-08-31 17:34:09,251,Selendis Earthshaker,186,Lockpick of Fates,63,Bought From
2022-07-01 15:35:10,244,Quorlinn Ironsong,47,Amulet of the Fallen King,412,Sold To
2023-08-08 11:01:17,76,Daelis Shadowgale,142,Boots of the Pathfinder,75,Talked
2022-11-25 12:04:42,163,Saphyra Bloodfang,188,Wand of Time,43,Bought From
2022-01-24 03:50:09,195,Saphyra Moonshard,27,Shield of the Dwarven Lords,2,Bought From
2021-08-22 13:23:57,82,Aryndis Skyfury,45,Boots of the Pathfinder,364,Sold To
2023-08-05 12:56:24,88,Ulfrik Ragefang,49,Robes of the Archmage,523,Bought From
2023-06-06 04:14:45,152,Elandria Stoneforge,86,Blade of the Fallen,28,Sold To
2023-01-27 02:09:47,155,Veyla Brightscale,153,Blade of the Fallen,65,Sold To
2021-01-16 11:54:09,107,Faelthorn Silverbow,131,Blade of the Fallen,323,Talked
2021-04-30 02:25:11,259,Thorgrim Dreadbane,194,Stormbringer Blade,63,Sold To
2023-06-10 02:02:22,265,Illinor Thundersong,54,Frostfire Staff,523,Bought From
2022-05-15 23:53:01,215,Saphyra Skullcrusher,17,Pauldrons of the Bear,423,Talked
2021-07-06 03:21:35,243,Elanor Sunshield,45,Boots of the Pathfinder,364,Bought From
2022-12-23 21:28:22,1,Ulfrik Skyshard,47,Amulet of the Fallen King,412,Talked
2021-05-25 20:04:57,104,Oberion Leafwhisper,35,Blade of the Archmage,967,Sold To
2021-07-06 16:00:36,52,Morwyn Duskheart,208,Robe of the Sage,84,Talked
2021-11-01 18:30:17,272,Goromir Skullcrusher,24,Scroll of the Phoenix,320,Bought From
2022-09-22 11:06:42,116,Delgath Earthstrider,188,Wand of Time,43,Sold To
2022-10-10 22:55:48,52,Morwyn Duskheart,24,Scroll of the Phoenix,320,Talked
2022-01-31 03:07:24,163,Saphyra Bloodfang,72,Axe of the Moon Chieftain,42,Talked
2023-03-03 01:28:23,104,Oberion Leafwhisper,181,Mystic Lightshield,54,Sold To
2021-11-13 19:49:11,215,Saphyra Skullcrusher,158,Sunfire Cape,98,Sold To
2023-07-13 05:01:17,15,Thaelen Glowspark,144,Axe of the Moon Chieftain,21,Sold To
2021-10-15 18:49:07,26,Thorgal Nightbane,65,Ring of the Fallen King,42,Bought From
2023-03-21 03:14:10,138,Raelis Bloodfang,83,Potion of Eternal Vigor,92,Bought From
2021-12-10 11:07:12,158,Elandria Firethorn,17,Pauldrons of the Bear,423,Bought From
2022-04-30 09:05:14,200,Selendis Swiftblade,149,Blade of the Fallen,76,Sold To
2023-08-18 15:13:07,215,Saphyra Skullcrusher,52,Amulet of the Moon,52,Sold To
2023-03-04 04:42:18,69,Valyndra Bloodfang,162,Bread of the Wise,98,Bought From
2022-06-12 03:09:49,228,Selendis Ravenclaw,44,Amulet of the Fallen King,72,Bought From
2023-05-10 22:17:11,150,Aerendir Stoneshield,24,Scroll of the Phoenix,320,Bought From
2021-02-26 20:27:22,87,Grundor Ironthorn,188,Wand of Time,43,Sold To
2022-03-12 12:14:11,186,Raelis Ravenclaw,171,Plaguebringer Scythe,45,Bought From
2022-01-20 19:54:08,33,Zyraziel Swiftblade,30,Cursed Bone Necklace,23,Sold To
2022-10-29 14:35:26,31,Faenar Starshield,154,Robe of the Sage,65,Sold To
2022-07-03 13:05:08,240,Valyndra Earthstrider,102,Armor of the Sea Spirit,74,Bought From
2022-06-10 07:37:12,272,Goromir Skullcrusher,27,Shield of the Dwarven Lords,2,Talked
2022-02-04 18:47:23,48,Orik Stormstrike,115,Amulet of the Fallen King,86,Sold To
2023-01-09 07:45:23,59,Zaela Shadowheart,199,Potion of Dire Strength,18,Sold To
2022-02-06 13:30:10,248,Thundara Skullcrusher,134,Girdle of Strength,34,Sold To
2022-12-26 03:27:24,132,Thera Dragonfang,174,Flask of Infinite Courage,65,Sold To
2022-11-08 12:45:35,160,Orin Shadowheart,134,Girdle of Strength,34,Bought From
2021-11-07 14:34:58,178,Zephyra Snowfall,130,Crown of the Lost King,22,Sold To
2022-09-06 10:33:40,187,Thaldor Shadowflame,171,Plaguebringer Scythe,45,Sold To
2023-04-28 02:49:32,237,Lyrielle Dreadbane,137,Scroll of Forgotten Knowledge,23,Sold To
2022-07-11 17:29:54,265,Illinor Thundersong,173,Robes of the Archmage,45,Bought From
2022-10-06 15:02:36,239,Runorin Brightscale,19,Plaguebringer Scythe,4,Bought From
2021-09-20 09:19:55,40,Zyralor Starshield,203,Amulet of the Wind Whisperer,24,Sold To
2021-03-04 12:52:20,85,Veyla Frostclaw,207,Boots of Swiftness,25,Sold To
2022-06-04 12:26:14,40,Zyralor Starshield,162,Bread of the Wise,98,Sold To
2022-01-08 20:40:08,80,Zaela Dragonfang,203,Amulet of the Wind Whisperer,24,Sold To
2022-07-28 00:47:55,4,Laelor Nightshade,213,Staff of Eldritch Power,42,Sold To
2022-09-01 16:12:44,110,Azalor Shadowheart,107,Ring of the Sages,856,Sold To
2022-12-02 21:01:38,244,Quorlinn Ironsong,130,Crown of the Lost King,22,Bought From
2023-05-29 23:42:17,248,Thundara Skullcrusher,44,Amulet of the Fallen King,72,Bought From
2022-06-20 06:32:15,80,Zaela Dragonfang,184,Amulet of the Moon,74,Bought From
2021-03-08 14:05:34,56,Aryndis Whitewolf,134,Girdle of Strength,34,Sold To
2023-01-09 00:38:29,169,Daelis Dragonfang,30,Cursed Bone Necklace,23,Sold To
2022-01-12 07:05:32,104,Oberion Leafwhisper,130,Crown of the Lost King,22,Bought From
2021-11-19 10:30:11,2,Serafelle Earthward,174,Flask of Infinite Courage,65,Sold To
2023-08-07 05:41:39,163,Saphyra Bloodfang,181,Mystic Lightshield,54,Bought From
2022-06-10 20:12:06,96,Oromis Nightshade,99,Tome of Elemental Secrets,532,Bought From
2021-04-13 16:26:21,213,Veylan Seaspray,14,Boots of Celestial Steps,453,Sold To
2023-06-24 04:59:41,54,Lythra Flamestrike,213,Staff of Eldritch Power,42,Sold To
2021-12-01 13:16:03,7,Raelan Frostbite,208,Robe of the Sage,84,Sold To
2021-12-06 13:18:26,104,Oberion Leafwhisper,208,Robe of the Sage,84,Bought From
2021-07-05 12:41:08,102,Quorlinn Moonshard,99,Tome of Elemental Secrets,532,Bought From
2021-04-03 22:15:13,274,Lyrielle Seaspray,78,Amulet of the Stars,8,Bought From
2022-12-19 00:10:25,239,Runorin Brightscale,81,Rune-etched Crossbow,56,Bought From
2023-07-12 00:32:00,26,Thorgal Nightbane,191,Amulet of the Fallen Queen,63,Sold To
2021-08-16 05:41:03,200,Selendis Swiftblade,29,Windfury Longsword,756,Bought From
2022-04-29 19:16:18,138,Raelis Bloodfang,65,Ring of the Fallen King,42,Bought From
2022-12-13 01:19:00,220,Elidora Grimspine,156,Robe of the Sage,87,Bought From
2021-09-01 06:03:14,163,Saphyra Bloodfang,93,Sword of the Paladin,90,Sold To
2023-02-08 01:17:09,134,Aryndis Nightshade,150,Potion of Mana Regeneration,65,Bought From
2021-05-06 21:54:53,55,Morwyn Warclaw,179,Scroll of Forgotten Knowledge,34,Sold To
2021-04-14 06:23:01,190,Thorgrim Stoneforge,72,Axe of the Moon Chieftain,42,Sold To
2022-07-20 00:52:55,76,Daelis Shadowgale,121,Cloak of Elvenkind,43,Sold To
2022-11-11 21:25:43,150,Aerendir Stoneshield,54,Frostfire Staff,523,Sold To
2021-01-23 22:55:31,138,Raelis Bloodfang,99,Tome of Elemental Secrets,532,Sold To
2022-04-06 11:52:34,15,Thaelen Glowspark,62,Bread of the Wise,53,Talked
2023-04-03 21:09:35,82,Aryndis Skyfury,134,Girdle of Strength,34,Sold To
2022-03-02 14:35:18,27,Xyra Steelstrike,86,Blade of the Fallen,28,Sold To
2022-04-30 03:45:34,152,Elandria Stoneforge,9,Spectral Chainmail,43,Sold To
2021-07-18 13:59:43,268,Xyphera Firetalon,14,Boots of Celestial Steps,453,Sold To
2023-04-13 20:23:04,143,Thorgath Ashenveil,102,Armor of the Sea Spirit,74,Bought From
2021-11-19 16:34:50,119,Saphyra Deathbringer,35,Blade of the Archmage,967,Sold To
2023-03-30 00:32:28,193,Orik Earthshaker,173,Robes of the Archmage,45,Sold To
2023-02-16 04:39:38,125,Azalor Shadowgale,213,Staff of Eldritch Power,42,Sold To
2023-08-11 20:11:05,81,Endora Firethorn,195,Potion of Mana Regeneration,72,Bought From
2022-11-28 10:56:11,20,Zaela Shadowgale,188,Wand of Time,43,Bought From
2021-04-24 02:16:53,115,Endora Dragonfang,130,Crown of the Lost King,22,Bought From
2021-09-27 04:36:37,65,Azalor Thundersong,6,Crossbow of Fiery Vengeance,432,Sold To
2023-05-27 16:36:59,69,Valyndra Bloodfang,72,Axe of the Moon Chieftain,42,Sold To
2023-09-11 11:49:54,2,Serafelle Earthward,50,Boots of the Pathfinder,523,Bought From
2022-02-24 06:47:51,27,Xyra Steelstrike,208,Robe of the Sage,84,Sold To
2022-12-26 10:19:39,65,Azalor Thundersong,173,Robes of the Archmage,45,Sold To
2023-07-20 23:34:52,98,Zephyra Deathbringer,139,Sacred Feather Talisman,640,Sold To
2022-02-12 10:41:07,40,Zyralor Starshield,27,Shield of the Dwarven Lords,2,Sold To
2022-01-12 14:23:35,29,Zyralor Ironthorn,102,Armor of the Sea Spirit,74,Bought From
2023-06-03 08:43:20,176,Faenar Earthshaker,50,Boots of the Pathfinder,523,Sold To
2021-03-20 22:43:12,52,Morwyn Duskheart,10,Greatsword of Heavenly Wrath,444,Bought From
2022-05-31 03:45:11,253,Aryndis Mistmantle,159,Potion of Eternal Vigor,8,Sold To
2021-06-11 21:27:56,22,Gilean Oakheart,72,Axe of the Moon Chieftain,42,Sold To
2021-01-04 05:17:22,88,Ulfrik Ragefang,161,Chains of the Abyss,98,Bought From
2023-04-04 11:55:54,248,Thundara Skullcrusher,207,Boots of Swiftness,25,Bought From
2021-10-07 10:02:45,242,Veyla Earthstrider,69,Potion of Eternal Vigor,867,Bought From
2022-03-07 22:52:43,103,Drakan Ironbane,62,Bread of the Wise,53,Bought From
2021-03-12 02:41:23,97,Lyrielle Frostclaw,67,Amulet of the Wind Whisperer,420,Sold To
2022-11-25 17:39:58,199,Belthorn Cragjaw,94,Greatsword of Heavenly Wrath,51,Bought From
2021-01-02 11:42:06,269,Goromir Shadowheart,173,Robes of the Archmage,45,Sold To
2022-04-18 19:08:19,209,Kyrion Lightbringer,72,Axe of the Moon Chieftain,42,Sold To
2021-07-11 12:35:31,256,Solandria Stormblade,50,Boots of the Pathfinder,523,Bought From
2021-03-14 20:28:35,61,Elanor Ironthorn,62,Bread of the Wise,53,Talked
2023-05-01 12:54:27,102,Quorlinn Moonshard,149,Blade of the Fallen,76,Bought From
2022-03-19 16:19:27,265,Illinor Thundersong,99,Tome of Elemental Secrets,532,Sold To
2022-08-23 07:39:10,147,Valyndra Earthshaker,38,Axe of the Moon Chieftain,423,Bought From
2021-06-07 17:34:29,147,Valyndra Earthshaker,137,Scroll of Forgotten Knowledge,23,Sold To
2021-07-07 00:10:22,176,Faenar Earthshaker,19,Plaguebringer Scythe,4,Sold To
2023-05-23 18:37:34,33,Zyraziel Swiftblade,130,Crown of the Lost King,22,Bought From
2022-01-08 17:32:44,43,Thorgath Ravenclaw,78,Amulet of the Stars,8,Sold To
2022-10-23 02:35:16,278,Elanor Earthshaker,186,Lockpick of Fates,63,Bought From
2021-10-26 14:07:00,152,Elandria Stoneforge,121,Cloak of Elvenkind,43,Sold To
2022-04-06 14:01:38,15,Thaelen Glowspark,97,Goblin-made Flail,523,Bought From
2022-02-27 09:28:08,220,Elidora Grimspine,131,Blade of the Fallen,323,Talked
2022-11-28 11:18:59,276,Thorgrim Shadowgale,115,Amulet of the Fallen King,86,Sold To
2022-07-06 22:27:21,16,Oberion Ironthorn,93,Sword of the Paladin,90,Bought From
2022-07-09 00:20:17,198,Elandria Deathbringer,183,Enchanted Waterskin,63,Sold To
2021-05-12 08:16:37,93,Isolde Runesong,168,Dagger of Betrayal,765,Bought From
2021-07-16 03:27:50,278,Elanor Earthshaker,14,Boots of Celestial Steps,453,Sold To
2021-04-18 07:04:21,198,Elandria Deathbringer,65,Ring of the Fallen King,42,Bought From
2021-05-26 17:27:20,15,Thaelen Glowspark,45,Boots of the Pathfinder,364,Bought From
2022-12-13 05:27:11,122,Aerendir Earthstrider,165,Bow of the Eternal Forest,67,Sold To
2023-07-02 19:58:52,182,Zephyrix Iceshard,93,Sword of the Paladin,90,Bought From
2021-09-02 14:17:11,269,Goromir Shadowheart,72,Axe of the Moon Chieftain,42,Bought From
2021-08-13 02:05:29,113,Oberion Stoneshield,62,Bread of the Wise,53,Sold To
2022-09-10 22:44:18,32,Qelthar Iceshard,99,Tome of Elemental Secrets,532,Bought From
2022-09-29 09:46:38,190,Thorgrim Stoneforge,134,Girdle of Strength,34,Sold To
2022-05-29 01:37:34,116,Delgath Earthstrider,186,Lockpick of Fates,63,Bought From
2022-12-12 03:00:14,190,Thorgrim Stoneforge,35,Blade of the Archmage,967,Sold To
2022-11-12 17:48:19,193,Orik Earthshaker,134,Girdle of Strength,34,Sold To
2022-12-19 18:06:06,48,Orik Stormstrike,130,Crown of the Lost King,22,Bought From
2023-03-24 07:08:11,33,Zyraziel Swiftblade,17,Pauldrons of the Bear,423,Bought From
2021-12-23 05:39:49,119,Saphyra Deathbringer,94,Greatsword of Heavenly Wrath,51,Bought From
2023-07-19 07:25:51,251,Selendis Earthshaker,65,Ring of the Fallen King,42,Bought From
2022-02-14 05:46:36,88,Ulfrik Ragefang,161,Chains of the Abyss,98,Sold To
2021-12-23 06:40:20,166,Keldra Moonshard,184,Amulet of the Moon,74,Sold To
2021-04-09 18:02:37,237,Lyrielle Dreadbane,199,Potion of Dire Strength,18,Bought From
2022-03-25 00:55:51,150,Aerendir Stoneshield,30,Cursed Bone Necklace,23,Bought From
2023-01-23 10:52:11,27,Xyra Steelstrike,203,Amulet of the Wind Whisperer,24,Sold To
2021-01-22 23:35:56,156,Aryndis Moonshard,190,Windfury Longsword,63,Sold To
2023-05-21 23:23:17,14,Valeria Cragjaw,6,Crossbow of Fiery Vengeance,432,Bought From
2023-04-10 07:26:38,223,Ulfrik Fellseeker,54,Frostfire Staff,523,Sold To
2023-06-03 18:13:24,252,Raelthorn Shadowgale,197,Necklace of the Mermaid,82,Bought From
2022-09-30 16:58:29,204,Aryndis Leafwhisper,210,Potion of Mana Regeneration,73,Bought From
2021-01-25 11:28:57,269,Goromir Shadowheart,45,Boots of the Pathfinder,364,Bought From
2022-12-30 12:17:49,147,Valyndra Earthshaker,161,Chains of the Abyss,98,Bought From
2022-09-19 15:03:47,79,Veyla Sunspire,67,Amulet of the Wind Whisperer,420,Talked
2022-04-22 19:14:00,10,Thaelis Starshield,207,Boots of Swiftness,25,Sold To
2022-03-17 02:12:32,107,Faelthorn Silverbow,52,Amulet of the Moon,52,Talked
2021-07-07 00:54:54,135,Xyra Whitewolf,186,Lockpick of Fates,63,Sold To
2022-10-25 16:41:09,253,Aryndis Mistmantle,38,Axe of the Moon Chieftain,423,Sold To
2022-06-28 22:06:10,223,Ulfrik Fellseeker,27,Shield of the Dwarven Lords,2,Bought From
2021-08-12 01:31:10,269,Goromir Shadowheart,184,Amulet of the Moon,74,Sold To
2023-04-11 01:28:36,256,Solandria Stormblade,161,Chains of the Abyss,98,Talked
2022-03-26 09:58:49,215,Saphyra Skullcrusher,83,Potion of Eternal Vigor,92,Bought From
2022-06-27 14:15:39,125,Azalor Shadowgale,191,Amulet of the Fallen Queen,63,Sold To
2023-01-25 21:31:45,233,Selendis Fellseeker,67,Amulet of the Wind Whisperer,420,Bought From
2022-03-31 06:05:23,13,Thaldor Deathbringer,24,Scroll of the Phoenix,320,Bought From
2022-07-03 21:21:27,236,Serafelle Flamestrike,207,Boots of Swiftness,25,Sold To
2023-08-30 07:40:46,223,Ulfrik Fellseeker,14,Boots of Celestial Steps,453,Sold To
2021-08-08 02:00:47,113,Oberion Stoneshield,93,Sword of the Paladin,90,Sold To
2023-08-15 04:11:04,182,Zephyrix Iceshard,158,Sunfire Cape,98,Sold To
2021-08-14 15:36:18,166,Keldra Moonshard,195,Potion of Mana Regeneration,72,Sold To
2022-12-21 20:05:50,253,Aryndis Mistmantle,149,Blade of the Fallen,76,Sold To
2022-03-07 06:47:29,213,Veylan Seaspray,181,Mystic Lightshield,54,Bought From
2022-05-26 06:39:15,27,Xyra Steelstrike,205,Bread of the Wise,34,Bought From
2022-02-10 00:21:50,240,Valyndra Earthstrider,11,Potion of Mana Regeneration,543,Sold To
2021-04-29 17:49:40,186,Raelis Ravenclaw,11,Potion of Mana Regeneration,543,Talked
2023-05-06 10:10:55,32,Qelthar Iceshard,47,Amulet of the Fallen King,412,Talked
2023-03-11 11:28:25,25,Orin Earthstrider,142,Boots of the Pathfinder,75,Sold To
2021-03-28 11:07:51,255,Xyphera Leafwhisper,143,Staff of Tranquility,634,Sold To
2021-03-22 08:37:47,186,Raelis Ravenclaw,107,Ring of the Sages,856,Bought From
2021-04-04 12:27:51,186,Raelis Ravenclaw,143,Staff of Tranquility,634,Talked
2023-05-16 08:40:06,158,Elandria Firethorn,6,Crossbow of Fiery Vengeance,432,Sold To
2021-04-24 02:46:18,13,Thaldor Deathbringer,130,Crown of the Lost King,22,Bought From
2023-01-20 15:16:20,256,Solandria Stormblade,150,Potion of Mana Regeneration,65,Bought From
2021-07-25 12:35:32,210,Xyra Firetalon,69,Potion of Eternal Vigor,867,Bought From
2022-06-05 23:50:02,110,Azalor Shadowheart,69,Potion of Eternal Vigor,867,Talked
2021-04-25 16:08:49,13,Thaldor Deathbringer,176,Potion of Eternal Vigor,56,Sold To
2022-11-04 20:19:33,182,Zephyrix Iceshard,44,Amulet of the Fallen King,72,Bought From
2021-12-20 12:09:15,59,Zaela Shadowheart,205,Bread of the Wise,34,Talked
2022-06-05 03:01:29,201,Thorgal Shadowgale,188,Wand of Time,43,Sold To
2022-05-26 02:26:31,10,Thaelis Starshield,24,Scroll of the Phoenix,320,Sold To
2021-12-31 10:12:44,268,Xyphera Firetalon,130,Crown of the Lost King,22,Sold To
2022-08-23 12:56:47,143,Thorgath Ashenveil,91,Greaves of the Vanguard,82,Sold To
2022-03-16 21:05:19,236,Serafelle Flamestrike,115,Amulet of the Fallen King,86,Bought From
2022-02-21 07:50:46,246,Runorin Darkveil,92,Helm of the Silver Knight,91,Bought From
2021-05-02 01:15:10,218,Nymriel Whitewolf,14,Boots of Celestial Steps,453,Sold To
2023-07-06 21:24:40,90,Endora Darkfall,112,Ring of the Fallen King,86,Bought From
2021-02-01 01:16:02,63,Oromis Snowfall,107,Ring of the Sages,856,Bought From
2021-06-18 23:24:52,262,Selendis Starshield,67,Amulet of the Wind Whisperer,420,Bought From
2023-04-05 23:11:33,182,Zephyrix Iceshard,81,Rune-etched Crossbow,56,Bought From
2022-12-10 07:36:12,272,Goromir Skullcrusher,93,Sword of the Paladin,90,Sold To
2022-12-08 06:31:00,236,Serafelle Flamestrike,174,Flask of Infinite Courage,65,Sold To
2022-05-13 10:00:05,33,Zyraziel Swiftblade,171,Plaguebringer Scythe,45,Sold To
2021-11-24 09:45:11,4,Laelor Nightshade,210,Potion of Mana Regeneration,73,Sold To
2022-07-30 17:52:11,256,Solandria Stormblade,130,Crown of the Lost King,22,Bought From
2023-04-26 16:37:51,233,Selendis Fellseeker,62,Bread of the Wise,53,Bought From
2023-05-01 22:56:30,237,Lyrielle Dreadbane,130,Crown of the Lost King,22,Bought From
2023-09-13 19:56:56,200,Selendis Swiftblade,179,Scroll of Forgotten Knowledge,34,Sold To
2021-08-26 14:09:01,262,Selendis Starshield,210,Potion of Mana Regeneration,73,Sold To
2023-06-14 20:15:48,207,Aerendir Earthshaker,173,Robes of the Archmage,45,Talked
2023-05-06 09:51:23,20,Zaela Shadowgale,191,Amulet of the Fallen Queen,63,Sold To
2022-04-05 02:46:43,252,Raelthorn Shadowgale,183,Enchanted Waterskin,63,Sold To
2022-06-03 20:11:47,272,Goromir Skullcrusher,50,Boots of the Pathfinder,523,Bought From
2021-03-10 08:32:38,272,Goromir Skullcrusher,210,Potion of Mana Regeneration,73,Sold To
2021-01-30 16:20:53,26,Thorgal Nightbane,52,Amulet of the Moon,52,Talked
2023-05-19 23:59:30,240,Valyndra Earthstrider,29,Windfury Longsword,756,Sold To
2023-08-03 01:28:52,204,Aryndis Leafwhisper,81,Rune-etched Crossbow,56,Sold To
2023-02-09 12:36:22,128,Gorgrim Fellseeker,137,Scroll of Forgotten Knowledge,23,Bought From
2021-07-21 11:36:30,268,Xyphera Firetalon,118,Robe of the Sage,36,Bought From
2021-12-24 10:53:05,280,Gwynara Swiftwind,150,Potion of Mana Regeneration,65,Sold To
2021-08-21 15:55:29,82,Aryndis Skyfury,78,Amulet of the Stars,8,Bought From
2021-05-22 20:38:05,251,Selendis Earthshaker,142,Boots of the Pathfinder,75,Talked
2022-12-26 17:31:20,85,Veyla Frostclaw,29,Windfury Longsword,756,Sold To
2022-03-11 01:17:11,38,Runorin Grimspine,161,Chains of the Abyss,98,Bought From
2023-01-11 04:52:23,160,Orin Shadowheart,19,Plaguebringer Scythe,4,Bought From
2022-06-19 18:07:30,96,Oromis Nightshade,59,Veil of the Tempest,5,Bought From
2022-05-16 12:39:15,15,Thaelen Glowspark,190,Windfury Longsword,63,Bought From
2022-10-01 09:58:46,280,Gwynara Swiftwind,38,Axe of the Moon Chieftain,423,Bought From
2021-07-25 01:50:25,93,Isolde Runesong,171,Plaguebringer Scythe,45,Sold To
2022-06-28 13:13:33,82,Aryndis Skyfury,154,Robe of the Sage,65,Bought From
2021-05-08 14:00:45,69,Valyndra Bloodfang,17,Pauldrons of the Bear,423,Talked
2021-05-07 02:23:12,66,Lunarion Steelstrike,57,Amethyst Soul Amulet,52,Bought From
2021-06-17 17:50:20,81,Endora Firethorn,41,Tome of the Elders,272,Bought From
2021-07-30 08:29:14,213,Veylan Seaspray,86,Blade of the Fallen,28,Sold To
2022-03-10 22:45:26,7,Raelan Frostbite,207,Boots of Swiftness,25,Sold To
2022-07-16 12:53:35,242,Veyla Earthstrider,115,Amulet of the Fallen King,86,Sold To
2021-03-11 05:03:24,204,Aryndis Leafwhisper,19,Plaguebringer Scythe,4,Sold To
2023-06-10 09:19:44,280,Gwynara Swiftwind,19,Plaguebringer Scythe,4,Sold To
2022-12-19 09:42:36,193,Orik Earthshaker,115,Amulet of the Fallen King,86,Bought From
2023-06-14 18:12:15,158,Elandria Firethorn,174,Flask of Infinite Courage,65,Bought From
2022-08-05 20:20:12,242,Veyla Earthstrider,121,Cloak of Elvenkind,43,Bought From
2021-11-25 19:22:06,276,Thorgrim Shadowgale,92,Helm of the Silver Knight,91,Talked
2023-03-31 23:14:43,242,Veyla Earthstrider,142,Boots of the Pathfinder,75,Bought From
2021-11-17 18:20:19,69,Valyndra Bloodfang,165,Bow of the Eternal Forest,67,Sold To
2021-09-07 23:53:50,2,Serafelle Earthward,195,Potion of Mana Regeneration,72,Bought From
2021-03-05 01:48:00,274,Lyrielle Seaspray,210,Potion of Mana Regeneration,73,Bought From
2022-10-15 10:58:51,223,Ulfrik Fellseeker,67,Amulet of the Wind Whisperer,420,Sold To
2021-03-17 11:17:34,116,Delgath Earthstrider,75,Crystal of the Ancients,67,Bought From
2022-09-03 08:58:17,190,Thorgrim Stoneforge,196,Golden Chalice of Eternity,78,Bought From
2021-08-29 08:23:10,207,Aerendir Earthshaker,183,Enchanted Waterskin,63,Sold To
2022-03-28 16:24:28,233,Selendis Fellseeker,29,Windfury Longsword,756,Sold To
2021-11-30 02:02:08,96,Oromis Nightshade,93,Sword of the Paladin,90,Bought From
2023-08-27 10:49:45,253,Aryndis Mistmantle,171,Plaguebringer Scythe,45,Sold To
2021-09-29 10:56:27,237,Lyrielle Dreadbane,54,Frostfire Staff,523,Sold To
2021-04-03 14:42:27,102,Quorlinn Moonshard,161,Chains of the Abyss,98,Sold To
2022-10-31 08:07:01,132,Thera Dragonfang,9,Spectral Chainmail,43,Sold To
2023-09-13 04:40:59,237,Lyrielle Dreadbane,207,Boots of Swiftness,25,Sold To
2023-08-27 06:33:56,178,Zephyra Snowfall,41,Tome of the Elders,272,Bought From
2022-03-21 14:38:27,104,Oberion Leafwhisper,210,Potion of Mana Regeneration,73,Bought From
2021-01-27 09:56:16,56,Aryndis Whitewolf,150,Potion of Mana Regeneration,65,Bought From
2022-06-09 01:50:52,173,Faelthorn Brightscale,174,Flask of Infinite Courage,65,Bought From
2023-01-20 04:24:44,204,Aryndis Leafwhisper,19,Plaguebringer Scythe,4,Bought From
2023-07-16 13:29:21,199,Belthorn Cragjaw,75,Crystal of the Ancients,67,Bought From
2023-09-03 10:14:53,184,Illinor Thunderclap,197,Necklace of the Mermaid,82,Sold To
2022-11-10 23:35:46,7,Raelan Frostbite,183,Enchanted Waterskin,63,Bought From
2021-07-11 15:22:45,197,Illinor Silvermoon,122,Crossbow of Fiery Vengeance,63,Bought From
2022-06-06 15:28:25,97,Lyrielle Frostclaw,107,Ring of the Sages,856,Bought From
2022-07-11 06:54:57,16,Oberion Ironthorn,196,Golden Chalice of Eternity,78,Bought From
2022-02-11 20:34:52,33,Zyraziel Swiftblade,118,Robe of the Sage,36,Sold To
2021-01-21 12:07:08,176,Faenar Earthshaker,162,Bread of the Wise,98,Sold To
2021-06-11 11:42:50,253,Aryndis Mistmantle,41,Tome of the Elders,272,Sold To
2023-05-26 08:26:23,143,Thorgath Ashenveil,196,Golden Chalice of Eternity,78,Bought From
2022-02-16 21:25:53,269,Goromir Shadowheart,162,Bread of the Wise,98,Bought From
2022-04-16 04:54:12,90,Endora Darkfall,50,Boots of the Pathfinder,523,Sold To
2023-01-15 03:02:04,199,Belthorn Cragjaw,121,Cloak of Elvenkind,43,Sold To
2023-07-25 18:56:31,115,Endora Dragonfang,72,Axe of the Moon Chieftain,42,Bought From
2021-10-21 05:35:30,158,Elandria Firethorn,208,Robe of the Sage,84,Sold To
2021-07-04 17:49:40,226,Keldra Ravenclaw,52,Amulet of the Moon,52,Sold To
2021-07-29 02:17:26,79,Veyla Sunspire,139,Sacred Feather Talisman,640,Sold To
2022-09-25 09:53:06,274,Lyrielle Seaspray,183,Enchanted Waterskin,63,Bought From
2022-11-13 20:35:17,103,Drakan Ironbane,159,Potion of Eternal Vigor,8,Sold To
2021-05-31 10:53:59,187,Thaldor Shadowflame,99,Tome of Elemental Secrets,532,Bought From
2022-02-10 10:57:49,144,Jadefang Fellseeker,184,Amulet of the Moon,74,Sold To
2023-07-12 02:55:10,262,Selendis Starshield,6,Crossbow of Fiery Vengeance,432,Bought From
2023-09-13 09:44:04,237,Lyrielle Dreadbane,115,Amulet of the Fallen King,86,Sold To
2021-04-06 14:43:06,128,Gorgrim Fellseeker,134,Girdle of Strength,34,Bought From
2021-10-09 18:08:26,65,Azalor Thundersong,162,Bread of the Wise,98,Bought From
2021-08-13 20:56:10,244,Quorlinn Ironsong,86,Blade of the Fallen,28,Sold To
2021-06-23 05:29:17,256,Solandria Stormblade,24,Scroll of the Phoenix,320,Sold To
2022-12-02 15:04:28,54,Lythra Flamestrike,94,Greatsword of Heavenly Wrath,51,Sold To
2022-05-26 18:08:12,98,Zephyra Deathbringer,131,Blade of the Fallen,323,Bought From
2022-10-10 15:02:16,262,Selendis Starshield,205,Bread of the Wise,34,Bought From
2021-01-23 16:38:54,4,Laelor Nightshade,156,Robe of the Sage,87,Sold To
2023-01-26 18:41:07,265,Illinor Thundersong,183,Enchanted Waterskin,63,Talked
2021-03-10 16:38:32,204,Aryndis Leafwhisper,46,Quicksilver Bullets,35,Sold To
2021-04-14 07:45:36,22,Gilean Oakheart,208,Robe of the Sage,84,Sold To
2022-07-10 04:26:44,54,Lythra Flamestrike,69,Potion of Eternal Vigor,867,Bought From
2022-11-09 08:48:39,40,Zyralor Starshield,161,Chains of the Abyss,98,Bought From
2021-11-18 06:14:53,243,Elanor Sunshield,67,Amulet of the Wind Whisperer,420,Sold To
2022-11-09 06:23:37,116,Delgath Earthstrider,91,Greaves of the Vanguard,82,Sold To
2021-01-31 03:05:14,237,Lyrielle Dreadbane,154,Robe of the Sage,65,Bought From
2021-10-03 12:45:59,143,Thorgath Ashenveil,24,Scroll of the Phoenix,320,Sold To
2021-09-08 12:55:45,35,Drakan Seaspray,29,Windfury Longsword,756,Bought From
2022-08-03 12:53:41,61,Elanor Ironthorn,150,Potion of Mana Regeneration,65,Bought From
2023-01-13 23:54:39,140,Solandria Grimspine,179,Scroll of Forgotten Knowledge,34,Bought From
2022-06-17 04:34:02,240,Valyndra Earthstrider,57,Amethyst Soul Amulet,52,Bought From
2021-03-13 22:10:29,10,Thaelis Starshield,191,Amulet of the Fallen Queen,63,Sold To
2022-10-20 17:10:34,88,Ulfrik Ragefang,75,Crystal of the Ancients,67,Sold To
2022-02-23 21:17:01,204,Aryndis Leafwhisper,190,Windfury Longsword,63,Sold To
2022-03-30 00:11:06,218,Nymriel Whitewolf,156,Robe of the Sage,87,Sold To
2021-02-15 23:59:21,192,Grundor Steelstrike,144,Axe of the Moon Chieftain,21,Sold To
2023-02-11 07:04:14,158,Elandria Firethorn,200,Staff of Eldritch Power,82,Bought From
2022-04-24 00:02:46,237,Lyrielle Dreadbane,19,Plaguebringer Scythe,4,Bought From
2022-11-20 04:51:48,251,Selendis Earthshaker,11,Potion of Mana Regeneration,543,Bought From
2023-07-26 01:24:10,122,Aerendir Earthstrider,196,Golden Chalice of Eternity,78,Bought From
2023-05-03 06:18:03,201,Thorgal Shadowgale,161,Chains of the Abyss,98,Bought From
2023-08-14 13:12:31,215,Saphyra Skullcrusher,53,Axe of the Moon Chieftain,754,Bought From
2021-06-23 03:29:58,236,Serafelle Flamestrike,194,Stormbringer Blade,63,Sold To
2022-01-13 22:28:25,210,Xyra Firetalon,146,Veil of the Tempest,54,Sold To
2023-01-23 01:06:21,258,Raelan Leafwhisper,159,Potion of Eternal Vigor,8,Bought From
2022-07-19 06:33:43,1,Ulfrik Skyshard,9,Spectral Chainmail,43,Bought From
2023-04-14 21:12:18,66,Lunarion Steelstrike,117,Sword of the Paladin,364,Talked
2021-06-25 13:44:48,102,Quorlinn Moonshard,54,Frostfire Staff,523,Bought From
2023-06-13 15:18:31,74,Veylan Earthstrider,199,Potion of Dire Strength,18,Sold To
2023-06-24 03:39:51,43,Thorgath Ravenclaw,115,Amulet of the Fallen King,86,Sold To
2023-03-04 11:17:35,27,Xyra Steelstrike,162,Bread of the Wise,98,Bought From
2023-01-09 02:39:19,4,Laelor Nightshade,62,Bread of the Wise,53,Bought From
2022-10-26 19:49:00,268,Xyphera Firetalon,59,Veil of the Tempest,5,Sold To
2022-07-20 11:20:53,76,Daelis Shadowgale,200,Staff of Eldritch Power,82,Sold To
2021-01-10 19:41:21,93,Isolde Runesong,54,Frostfire Staff,523,Sold To
2022-10-13 00:00:36,201,Thorgal Shadowgale,195,Potion of Mana Regeneration,72,Talked
2023-02-07 04:05:22,119,Saphyra Deathbringer,78,Amulet of the Stars,8,Bought From
2021-05-07 22:45:26,100,Zephyrix Firethorn,94,Greatsword of Heavenly Wrath,51,Bought From
2022-10-21 02:32:02,2,Serafelle Earthward,173,Robes of the Archmage,45,Bought From
2023-07-29 16:15:08,158,Elandria Firethorn,200,Staff of Eldritch Power,82,Bought From
2022-11-23 05:41:03,166,Keldra Moonshard,86,Blade of the Fallen,28,Bought From
2022-12-24 16:29:03,132,Thera Dragonfang,173,Robes of the Archmage,45,Talked
2022-03-04 11:08:39,127,Xirelle Darkfall,59,Veil of the Tempest,5,Sold To
2023-06-12 03:06:51,125,Azalor Shadowgale,2,Bread of the Wise,25,Bought From
2022-02-07 08:07:06,31,Faenar Starshield,121,Cloak of Elvenkind,43,Sold To
2023-09-08 06:06:15,2,Serafelle Earthward,149,Blade of the Fallen,76,Sold To
2021-06-01 06:50:52,233,Selendis Fellseeker,38,Axe of the Moon Chieftain,423,Sold To
2021-02-19 17:00:38,192,Grundor Steelstrike,102,Armor of the Sea Spirit,74,Bought From
2022-08-19 03:24:42,25,Orin Earthstrider,125,Harvest Moon Scepter,25,Sold To
2023-04-09 21:21:06,110,Azalor Shadowheart,162,Bread of the Wise,98,Bought From
2023-01-11 10:47:34,92,Thaelis Firemantle,10,Greatsword of Heavenly Wrath,444,Sold To
2023-08-03 19:18:32,195,Saphyra Moonshard,143,Staff of Tranquility,634,Bought From
2023-04-14 06:23:03,225,Morwyn Darkveil,171,Plaguebringer Scythe,45,Sold To
2021-11-21 03:20:03,55,Morwyn Warclaw,196,Golden Chalice of Eternity,78,Bought From
2023-01-30 09:38:48,54,Lythra Flamestrike,24,Scroll of the Phoenix,320,Sold To
2022-11-21 09:40:10,48,Orik Stormstrike,24,Scroll of the Phoenix,320,Bought From
2021-08-11 04:09:19,182,Zephyrix Iceshard,35,Blade of the Archmage,967,Bought From
2021-10-10 20:22:00,132,Thera Dragonfang,65,Ring of the Fallen King,42,Bought From
2021-09-06 23:02:41,207,Aerendir Earthshaker,139,Sacred Feather Talisman,640,Talked
2021-06-21 13:07:27,236,Serafelle Flamestrike,81,Rune-etched Crossbow,56,Bought From
2022-05-29 20:30:59,10,Thaelis Starshield,92,Helm of the Silver Knight,91,Talked
2022-05-29 20:10:20,222,Valeria Stormblade,53,Axe of the Moon Chieftain,754,Sold To
2022-09-10 03:15:22,1,Ulfrik Skyshard,197,Necklace of the Mermaid,82,Bought From
2021-05-04 05:12:33,97,Lyrielle Frostclaw,130,Crown of the Lost King,22,Bought From
2021-09-09 13:25:01,160,Orin Shadowheart,86,Blade of the Fallen,28,Bought From
2022-06-07 07:43:33,115,Endora Dragonfang,144,Axe of the Moon Chieftain,21,Bought From
2021-01-04 00:09:05,49,Elandria Shadowflame,124,Armbands of Resilience,64,Sold To
2022-12-17 05:49:42,143,Thorgath Ashenveil,156,Robe of the Sage,87,Sold To
2021-01-02 02:47:15,236,Serafelle Flamestrike,59,Veil of the Tempest,5,Sold To
2022-04-17 09:37:47,272,Goromir Skullcrusher,94,Greatsword of Heavenly Wrath,51,Sold To
2021-12-30 23:05:49,158,Elandria Firethorn,62,Bread of the Wise,53,Sold To
2021-07-16 10:32:23,216,Valdrick Frostclaw,143,Staff of Tranquility,634,Talked
2022-11-11 12:44:58,125,Azalor Shadowgale,27,Shield of the Dwarven Lords,2,Sold To
2023-07-05 13:01:23,130,Lythor Bearclaw,207,Boots of Swiftness,25,Bought From
2021-12-04 05:59:46,253,Aryndis Mistmantle,171,Plaguebringer Scythe,45,Sold To
2022-04-19 08:06:15,225,Morwyn Darkveil,54,Frostfire Staff,523,Sold To
2022-05-27 10:55:44,218,Nymriel Whitewolf,59,Veil of the Tempest,5,Sold To
2023-04-04 22:01:47,93,Isolde Runesong,186,Lockpick of Fates,63,Bought From
2022-04-30 00:01:16,251,Selendis Earthshaker,32,Tome of Elemental Secrets,51,Sold To
2023-07-11 03:21:57,128,Gorgrim Fellseeker,153,Blade of the Fallen,65,Bought From
2022-04-16 08:31:22,236,Serafelle Flamestrike,156,Robe of the Sage,87,Sold To
2022-09-02 11:45:19,195,Saphyra Moonshard,174,Flask of Infinite Courage,65,Bought From
2023-02-17 12:53:40,250,Belthorn Ashmantle,57,Amethyst Soul Amulet,52,Bought From
2022-12-12 23:05:14,147,Valyndra Earthshaker,41,Tome of the Elders,272,Bought From
2023-07-17 06:24:05,1,Ulfrik Skyshard,207,Boots of Swiftness,25,Sold To
2022-11-08 16:50:35,259,Thorgrim Dreadbane,184,Amulet of the Moon,74,Bought From
2022-06-18 02:24:26,100,Zephyrix Firethorn,62,Bread of the Wise,53,Sold To
2022-07-01 12:58:58,272,Goromir Skullcrusher,186,Lockpick of Fates,63,Sold To
2022-08-19 06:02:11,16,Oberion Ironthorn,150,Potion of Mana Regeneration,65,Sold To
2022-09-15 05:15:20,35,Drakan Seaspray,188,Wand of Time,43,Bought From
2023-01-20 10:01:26,213,Veylan Seaspray,174,Flask of Infinite Courage,65,Bought From
2021-06-03 16:45:04,25,Orin Earthstrider,107,Ring of the Sages,856,Talked
2021-05-13 08:27:56,113,Oberion Stoneshield,153,Blade of the Fallen,65,Bought From
2022-01-01 11:55:42,251,Selendis Earthshaker,184,Amulet of the Moon,74,Sold To
2023-05-24 05:06:18,110,Azalor Shadowheart,49,Robes of the Archmage,523,Bought From
2021-11-24 18:53:24,225,Morwyn Darkveil,131,Blade of the Fallen,323,Sold To
2023-08-21 09:50:32,240,Valyndra Earthstrider,213,Staff of Eldritch Power,42,Bought From
2022-08-29 05:10:41,122,Aerendir Earthstrider,130,Crown of the Lost King,22,Bought From
2022-07-10 16:40:15,66,Lunarion Steelstrike,165,Bow of the Eternal Forest,67,Sold To
2021-12-25 07:57:27,213,Veylan Seaspray,184,Amulet of the Moon,74,Sold To
2021-08-30 05:56:55,184,Illinor Thunderclap,173,Robes of the Archmage,45,Bought From
2023-04-22 21:55:22,110,Azalor Shadowheart,143,Staff of Tranquility,634,Sold To
2021-09-28 11:19:17,40,Zyralor Starshield,146,Veil of the Tempest,54,Sold To
2021-01-27 03:37:17,166,Keldra Moonshard,22,Earthshaker Hammer,44,Bought From
2021-08-10 05:53:51,199,Belthorn Cragjaw,154,Robe of the Sage,65,Bought From
2021-07-08 14:52:14,239,Runorin Brightscale,134,Girdle of Strength,34,Bought From
2023-05-11 05:52:00,104,Oberion Leafwhisper,94,Greatsword of Heavenly Wrath,51,Bought From
2021-08-07 23:17:50,107,Faelthorn Silverbow,142,Boots of the Pathfinder,75,Sold To
2021-08-14 01:12:00,163,Saphyra Bloodfang,34,Serpent's Fang Saber,98,Talked
2023-09-06 15:59:54,213,Veylan Seaspray,203,Amulet of the Wind Whisperer,24,Bought From
2021-09-17 11:09:18,181,Lunarion Darkbane,14,Boots of Celestial Steps,453,Sold To
2021-07-14 07:39:15,96,Oromis Nightshade,30,Cursed Bone Necklace,23,Sold To
2023-08-07 06:12:49,243,Elanor Sunshield,146,Veil of the Tempest,54,Bought From
2021-09-03 17:44:37,152,Elandria Stoneforge,72,Axe of the Moon Chieftain,42,Talked
2023-03-18 04:45:37,56,Aryndis Whitewolf,130,Crown of the Lost King,22,Sold To
2023-08-01 17:09:41,225,Morwyn Darkveil,62,Bread of the Wise,53,Talked
2023-04-18 02:34:13,31,Faenar Starshield,154,Robe of the Sage,65,Bought From
2023-08-26 09:46:16,33,Zyraziel Swiftblade,52,Amulet of the Moon,52,Bought From
2022-10-21 22:52:01,13,Thaldor Deathbringer,69,Potion of Eternal Vigor,867,Sold To
2022-02-02 20:12:08,140,Solandria Grimspine,57,Amethyst Soul Amulet,52,Sold To
2023-05-26 08:53:19,88,Ulfrik Ragefang,153,Blade of the Fallen,65,Bought From
2023-07-01 22:45:09,107,Faelthorn Silverbow,67,Amulet of the Wind Whisperer,420,Sold To
2022-09-15 07:01:06,66,Lunarion Steelstrike,158,Sunfire Cape,98,Sold To
2021-05-06 07:58:00,190,Thorgrim Stoneforge,41,Tome of the Elders,272,Sold To
2022-02-04 18:31:14,226,Keldra Ravenclaw,195,Potion of Mana Regeneration,72,Bought From
2022-12-25 21:32:46,268,Xyphera Firetalon,93,Sword of the Paladin,90,Bought From
2022-05-12 14:38:32,200,Selendis Swiftblade,156,Robe of the Sage,87,Bought From
2022-09-22 02:20:19,40,Zyralor Starshield,65,Ring of the Fallen King,42,Bought From
2022-06-11 02:40:49,201,Thorgal Shadowgale,14,Boots of Celestial Steps,453,Bought From
2022-01-30 06:07:52,48,Orik Stormstrike,162,Bread of the Wise,98,Sold To
2021-04-30 09:18:09,33,Zyraziel Swiftblade,32,Tome of Elemental Secrets,51,Talked
2022-09-10 04:18:24,200,Selendis Swiftblade,49,Robes of the Archmage,523,Bought From
2022-03-22 23:49:16,156,Aryndis Moonshard,195,Potion of Mana Regeneration,72,Bought From
2022-05-01 04:54:54,236,Serafelle Flamestrike,181,Mystic Lightshield,54,Sold To
2021-07-19 20:05:45,135,Xyra Whitewolf,158,Sunfire Cape,98,Sold To
2022-02-03 19:24:49,207,Aerendir Earthshaker,59,Veil of the Tempest,5,Sold To
2022-11-02 05:46:08,85,Veyla Frostclaw,159,Potion of Eternal Vigor,8,Bought From
2021-03-28 06:56:58,122,Aerendir Earthstrider,105,Cursed Bone Necklace,95,Sold To
2023-05-05 12:54:57,218,Nymriel Whitewolf,143,Staff of Tranquility,634,Talked
2022-05-06 21:48:59,2,Serafelle Earthward,122,Crossbow of Fiery Vengeance,63,Bought From
2022-10-30 19:49:25,158,Elandria Firethorn,30,Cursed Bone Necklace,23,Bought From
2021-07-27 07:49:41,132,Thera Dragonfang,186,Lockpick of Fates,63,Bought From
2022-09-26 18:23:52,96,Oromis Nightshade,158,Sunfire Cape,98,Bought From
2021-07-28 23:35:47,236,Serafelle Flamestrike,191,Amulet of the Fallen Queen,63,Bought From
2023-03-08 12:23:34,79,Veyla Sunspire,183,Enchanted Waterskin,63,Talked
2022-04-11 16:27:50,272,Goromir Skullcrusher,121,Cloak of Elvenkind,43,Bought From
2021-05-28 08:29:26,76,Daelis Shadowgale,149,Blade of the Fallen,76,Sold To
2021-09-25 22:51:31,246,Runorin Darkveil,112,Ring of the Fallen King,86,Sold To
2023-01-01 02:11:58,107,Faelthorn Silverbow,10,Greatsword of Heavenly Wrath,444,Sold To
2022-04-30 17:49:56,82,Aryndis Skyfury,179,Scroll of Forgotten Knowledge,34,Bought From
2022-01-17 23:56:49,143,Thorgath Ashenveil,45,Boots of the Pathfinder,364,Sold To
2021-03-05 01:33:10,61,Elanor Ironthorn,134,Girdle of Strength,34,Sold To
2022-06-03 23:09:26,128,Gorgrim Fellseeker,54,Frostfire Staff,523,Sold To
2023-04-29 17:54:55,138,Raelis Bloodfang,35,Blade of the Archmage,967,Bought From
2023-07-02 09:44:41,213,Veylan Seaspray,50,Boots of the Pathfinder,523,Bought From
2022-11-11 12:05:38,80,Zaela Dragonfang,83,Potion of Eternal Vigor,92,Sold To
2023-07-09 14:27:55,166,Keldra Moonshard,107,Ring of the Sages,856,Bought From
2023-02-12 10:46:32,246,Runorin Darkveil,146,Veil of the Tempest,54,Bought From
2022-06-21 13:45:56,222,Valeria Stormblade,165,Bow of the Eternal Forest,67,Sold To
2022-10-03 18:23:10,143,Thorgath Ashenveil,54,Frostfire Staff,523,Bought From
2023-02-19 05:35:22,152,Elandria Stoneforge,86,Blade of the Fallen,28,Sold To
2021-07-14 17:01:52,135,Xyra Whitewolf,83,Potion of Eternal Vigor,92,Bought From
2022-01-04 12:01:29,248,Thundara Skullcrusher,134,Girdle of Strength,34,Sold To
2022-05-26 02:17:36,160,Orin Shadowheart,83,Potion of Eternal Vigor,92,Bought From
2023-02-19 20:13:01,98,Zephyra Deathbringer,203,Amulet of the Wind Whisperer,24,Sold To
2023-03-12 18:10:49,15,Thaelen Glowspark,173,Robes of the Archmage,45,Sold To
2022-12-25 18:04:39,187,Thaldor Shadowflame,130,Crown of the Lost King,22,Sold To
2021-12-13 06:48:08,182,Zephyrix Iceshard,143,Staff of Tranquility,634,Bought From
2023-04-13 06:50:33,127,Xirelle Darkfall,67,Amulet of the Wind Whisperer,420,Bought From
2022-08-08 04:22:32,179,Thorgrim Skyshard,65,Ring of the Fallen King,42,Bought From
2021-12-24 01:33:26,176,Faenar Earthshaker,50,Boots of the Pathfinder,523,Bought From
2021-05-18 01:00:48,79,Veyla Sunspire,53,Axe of the Moon Chieftain,754,Sold To
2022-02-18 11:39:02,125,Azalor Shadowgale,186,Lockpick of Fates,63,Sold To
2021-06-11 06:15:02,259,Thorgrim Dreadbane,196,Golden Chalice of Eternity,78,Bought From
2022-04-06 17:26:03,135,Xyra Whitewolf,35,Blade of the Archmage,967,Sold To
2021-12-12 09:37:12,119,Saphyra Deathbringer,11,Potion of Mana Regeneration,543,Talked
2022-10-10 04:09:17,115,Endora Dragonfang,62,Bread of the Wise,53,Bought From
2021-04-20 13:36:39,35,Drakan Seaspray,122,Crossbow of Fiery Vengeance,63,Sold To
2021-08-26 23:28:49,237,Lyrielle Dreadbane,38,Axe of the Moon Chieftain,423,Sold To
2021-10-18 22:27:16,97,Lyrielle Frostclaw,205,Bread of the Wise,34,Sold To
2022-12-10 11:20:07,252,Raelthorn Shadowgale,14,Boots of Celestial Steps,453,Sold To
2021-05-21 23:46:58,216,Valdrick Frostclaw,99,Tome of Elemental Secrets,532,Bought From
2022-07-08 06:30:22,35,Drakan Seaspray,200,Staff of Eldritch Power,82,Sold To
2022-10-05 16:19:50,52,Morwyn Duskheart,53,Axe of the Moon Chieftain,754,Sold To
2022-02-07 23:59:46,130,Lythor Bearclaw,153,Blade of the Fallen,65,Bought From
2021-01-20 13:01:41,35,Drakan Seaspray,156,Robe of the Sage,87,Bought From
2021-11-05 12:37:10,248,Thundara Skullcrusher,38,Axe of the Moon Chieftain,423,Sold To
2023-08-29 08:14:08,241,Delgath Ravenclaw,107,Ring of the Sages,856,Talked
2023-05-11 11:48:05,25,Orin Earthstrider,47,Amulet of the Fallen King,412,Sold To
2021-05-15 06:26:45,82,Aryndis Skyfury,143,Staff of Tranquility,634,Bought From
2021-04-21 05:13:26,13,Thaldor Deathbringer,27,Shield of the Dwarven Lords,2,Sold To
2021-03-17 10:08:34,278,Elanor Earthshaker,200,Staff of Eldritch Power,82,Bought From
2023-06-13 06:38:13,48,Orik Stormstrike,50,Boots of the Pathfinder,523,Sold To
2021-04-13 05:44:24,98,Zephyra Deathbringer,10,Greatsword of Heavenly Wrath,444,Bought From
2021-08-26 02:39:47,239,Runorin Brightscale,99,Tome of Elemental Secrets,532,Bought From
2021-06-09 12:46:37,209,Kyrion Lightbringer,97,Goblin-made Flail,523,Bought From
2023-08-03 02:28:23,27,Xyra Steelstrike,131,Blade of the Fallen,323,Talked
2023-01-03 20:01:56,198,Elandria Deathbringer,150,Potion of Mana Regeneration,65,Bought From
2023-05-14 04:18:47,199,Belthorn Cragjaw,208,Robe of the Sage,84,Bought From
2021-12-17 09:21:14,156,Aryndis Moonshard,46,Quicksilver Bullets,35,Sold To
2023-07-23 08:26:19,92,Thaelis Firemantle,62,Bread of the Wise,53,Sold To
2022-04-02 16:16:14,40,Zyralor Starshield,190,Windfury Longsword,63,Sold To
2023-02-23 15:33:46,130,Lythor Bearclaw,83,Potion of Eternal Vigor,92,Bought From
2021-04-26 20:37:10,116,Delgath Earthstrider,207,Boots of Swiftness,25,Sold To
2021-07-25 13:59:59,26,Thorgal Nightbane,118,Robe of the Sage,36,Sold To
2022-08-15 12:22:36,155,Veyla Brightscale,35,Blade of the Archmage,967,Bought From
2021-12-18 11:02:51,103,Drakan Ironbane,69,Potion of Eternal Vigor,867,Sold To
2021-07-06 11:43:39,276,Thorgrim Shadowgale,134,Girdle of Strength,34,Sold To
2022-10-16 13:11:42,63,Oromis Snowfall,200,Staff of Eldritch Power,82,Bought From
2023-08-17 14:44:20,107,Faelthorn Silverbow,188,Wand of Time,43,Bought From
2022-11-24 22:48:26,82,Aryndis Skyfury,194,Stormbringer Blade,63,Bought From
2023-03-07 19:16:33,255,Xyphera Leafwhisper,210,Potion of Mana Regeneration,73,Bought From
2022-06-21 14:14:13,59,Zaela Shadowheart,35,Blade of the Archmage,967,Bought From
2023-08-01 21:23:29,178,Zephyra Snowfall,213,Staff of Eldritch Power,42,Sold To
2021-07-13 06:47:39,85,Veyla Frostclaw,159,Potion of Eternal Vigor,8,Bought From
2022-01-28 13:51:51,252,Raelthorn Shadowgale,191,Amulet of the Fallen Queen,63,Bought From
2022-09-24 01:56:19,125,Azalor Shadowgale,52,Amulet of the Moon,52,Sold To
2022-09-07 06:17:34,104,Oberion Leafwhisper,117,Sword of the Paladin,364,Talked
2022-11-07 12:42:40,155,Veyla Brightscale,46,Quicksilver Bullets,35,Bought From
2021-01-26 11:08:36,48,Orik Stormstrike,118,Robe of the Sage,36,Sold To
2021-07-09 13:02:42,66,Lunarion Steelstrike,75,Crystal of the Ancients,67,Sold To
2022-09-25 22:02:23,38,Runorin Grimspine,112,Ring of the Fallen King,86,Bought From
2022-10-29 07:24:50,107,Faelthorn Silverbow,57,Amethyst Soul Amulet,52,Sold To
2021-09-17 14:48:23,135,Xyra Whitewolf,67,Amulet of the Wind Whisperer,420,Bought From
2021-07-14 05:58:28,56,Aryndis Whitewolf,102,Armor of the Sea Spirit,74,Bought From
2023-07-28 14:52:53,48,Orik Stormstrike,75,Crystal of the Ancients,67,Sold To
2022-11-29 08:19:23,31,Faenar Starshield,38,Axe of the Moon Chieftain,423,Sold To
2023-06-25 06:31:17,201,Thorgal Shadowgale,179,Scroll of Forgotten Knowledge,34,Bought From
2021-04-28 07:36:36,220,Elidora Grimspine,162,Bread of the Wise,98,Bought From
2022-08-21 17:20:33,31,Faenar Starshield,32,Tome of Elemental Secrets,51,Bought From
2022-10-27 18:23:14,241,Delgath Ravenclaw,17,Pauldrons of the Bear,423,Sold To
2021-03-04 15:05:53,178,Zephyra Snowfall,154,Robe of the Sage,65,Sold To
2022-03-09 01:53:24,25,Orin Earthstrider,150,Potion of Mana Regeneration,65,Bought From
2021-01-14 06:58:45,228,Selendis Ravenclaw,32,Tome of Elemental Secrets,51,Sold To
2021-01-08 07:44:37,258,Raelan Leafwhisper,38,Axe of the Moon Chieftain,423,Bought From
2022-11-05 01:24:04,216,Valdrick Frostclaw,10,Greatsword of Heavenly Wrath,444,Sold To
2022-10-10 14:07:30,135,Xyra Whitewolf,29,Windfury Longsword,756,Sold To
2021-12-18 16:05:11,38,Runorin Grimspine,99,Tome of Elemental Secrets,532,Sold To
2022-01-05 05:18:02,122,Aerendir Earthstrider,196,Golden Chalice of Eternity,78,Sold To
2021-02-07 17:56:20,80,Zaela Dragonfang,99,Tome of Elemental Secrets,532,Bought From
2022-12-22 11:13:02,128,Gorgrim Fellseeker,81,Rune-etched Crossbow,56,Bought From
2022-10-07 16:00:49,265,Illinor Thundersong,65,Ring of the Fallen King,42,Bought From
2022-10-29 15:45:39,237,Lyrielle Dreadbane,50,Boots of the Pathfinder,523,Bought From
2022-10-11 14:24:01,92,Thaelis Firemantle,92,Helm of the Silver Knight,91,Bought From
2022-08-19 08:21:57,125,Azalor Shadowgale,27,Shield of the Dwarven Lords,2,Bought From
2022-05-15 23:59:04,81,Endora Firethorn,203,Amulet of the Wind Whisperer,24,Bought From
2022-03-04 18:48:13,218,Nymriel Whitewolf,86,Blade of the Fallen,28,Sold To
2022-07-24 09:57:24,158,Elandria Firethorn,124,Armbands of Resilience,64,Bought From
2021-03-21 02:21:22,240,Valyndra Earthstrider,35,Blade of the Archmage,967,Talked
2023-05-05 10:48:53,150,Aerendir Stoneshield,62,Bread of the Wise,53,Bought From
2021-03-31 02:50:31,228,Selendis Ravenclaw,174,Flask of Infinite Courage,65,Bought From
2022-10-04 10:43:46,27,Xyra Steelstrike,139,Sacred Feather Talisman,640,Talked
2021-01-13 17:41:58,38,Runorin Grimspine,9,Spectral Chainmail,43,Sold To
2022-03-05 15:28:22,66,Lunarion Steelstrike,67,Amulet of the Wind Whisperer,420,Talked
2023-03-31 23:49:13,43,Thorgath Ravenclaw,115,Amulet of the Fallen King,86,Bought From
2021-06-11 23:05:48,155,Veyla Brightscale,191,Amulet of the Fallen Queen,63,Bought From
2021-06-05 00:32:42,176,Faenar Earthshaker,112,Ring of the Fallen King,86,Sold To
2022-06-12 02:20:14,215,Saphyra Skullcrusher,186,Lockpick of Fates,63,Sold To
2022-12-14 17:10:03,204,Aryndis Leafwhisper,174,Flask of Infinite Courage,65,Bought From
2022-11-07 16:54:43,43,Thorgath Ravenclaw,174,Flask of Infinite Courage,65,Sold To
2021-12-21 18:06:23,134,Aryndis Nightshade,137,Scroll of Forgotten Knowledge,23,Sold To
2021-02-25 16:24:13,69,Valyndra Bloodfang,24,Scroll of the Phoenix,320,Sold To
2021-10-20 23:47:31,242,Veyla Earthstrider,6,Crossbow of Fiery Vengeance,432,Bought From
2022-01-12 13:36:19,147,Valyndra Earthshaker,183,Enchanted Waterskin,63,Bought From
2023-09-12 07:19:17,200,Selendis Swiftblade,86,Blade of the Fallen,28,Sold To
2021-10-20 22:17:55,182,Zephyrix Iceshard,2,Bread of the Wise,25,Sold To
2022-01-01 13:09:17,195,Saphyra Moonshard,67,Amulet of the Wind Whisperer,420,Sold To
2023-07-17 02:48:35,15,Thaelen Glowspark,156,Robe of the Sage,87,Bought From
2023-05-09 11:54:46,233,Selendis Fellseeker,143,Staff of Tranquility,634,Bought From
2022-01-09 15:45:17,98,Zephyra Deathbringer,11,Potion of Mana Regeneration,543,Sold To
2023-04-29 05:57:31,43,Thorgath Ravenclaw,188,Wand of Time,43,Bought From
2023-07-12 02:53:42,85,Veyla Frostclaw,208,Robe of the Sage,84,Bought From
2021-09-11 12:02:11,66,Lunarion Steelstrike,49,Robes of the Archmage,523,Sold To
2022-05-13 21:20:51,63,Oromis Snowfall,94,Greatsword of Heavenly Wrath,51,Sold To
2022-09-06 13:35:55,103,Drakan Ironbane,47,Amulet of the Fallen King,412,Sold To
2021-11-16 21:47:10,43,Thorgath Ravenclaw,72,Axe of the Moon Chieftain,42,Talked
2022-04-16 06:42:28,128,Gorgrim Fellseeker,50,Boots of the Pathfinder,523,Bought From
2023-01-08 21:30:31,113,Oberion Stoneshield,75,Crystal of the Ancients,67,Sold To
2021-08-07 11:30:51,4,Laelor Nightshade,161,Chains of the Abyss,98,Talked
2022-02-13 22:14:13,259,Thorgrim Dreadbane,64,Lockpick of Fates,12,Sold To
2021-01-13 09:29:00,268,Xyphera Firetalon,9,Spectral Chainmail,43,Bought From
2022-07-18 04:13:21,49,Elandria Shadowflame,67,Amulet of the Wind Whisperer,420,Bought From
2021-06-01 22:53:05,15,Thaelen Glowspark,92,Helm of the Silver Knight,91,Bought From
2022-10-14 09:09:03,210,Xyra Firetalon,195,Potion of Mana Regeneration,72,Bought From
2021-02-15 01:18:22,210,Xyra Firetalon,195,Potion of Mana Regeneration,72,Talked
2021-04-04 09:31:03,256,Solandria Stormblade,92,Helm of the Silver Knight,91,Sold To
2022-02-20 11:55:02,237,Lyrielle Dreadbane,67,Amulet of the Wind Whisperer,420,Sold To
2021-01-19 15:59:56,80,Zaela Dragonfang,205,Bread of the Wise,34,Sold To
2023-06-17 09:13:21,81,Endora Firethorn,207,Boots of Swiftness,25,Bought From
2021-11-20 02:24:14,26,Thorgal Nightbane,6,Crossbow of Fiery Vengeance,432,Bought From
2021-12-06 11:37:34,210,Xyra Firetalon,10,Greatsword of Heavenly Wrath,444,Sold To
2022-03-09 03:57:42,269,Goromir Shadowheart,195,Potion of Mana Regeneration,72,Talked
2021-07-15 14:29:11,193,Orik Earthshaker,199,Potion of Dire Strength,18,Bought From
2021-02-24 23:44:18,274,Lyrielle Seaspray,125,Harvest Moon Scepter,25,Bought From
2023-05-03 20:23:08,116,Delgath Earthstrider,144,Axe of the Moon Chieftain,21,Bought From
2023-01-23 22:18:41,134,Aryndis Nightshade,107,Ring of the Sages,856,Sold To
2022-08-11 01:13:14,90,Endora Darkfall,6,Crossbow of Fiery Vengeance,432,Sold To
2021-05-28 08:16:23,52,Morwyn Duskheart,150,Potion of Mana Regeneration,65,Sold To
2021-01-27 01:53:52,209,Kyrion Lightbringer,181,Mystic Lightshield,54,Bought From
2023-04-08 15:06:53,128,Gorgrim Fellseeker,9,Spectral Chainmail,43,Sold To
2023-04-03 18:32:33,213,Veylan Seaspray,53,Axe of the Moon Chieftain,754,Sold To
2022-07-03 23:15:12,4,Laelor Nightshade,159,Potion of Eternal Vigor,8,Bought From
2021-12-02 06:55:53,80,Zaela Dragonfang,118,Robe of the Sage,36,Bought From
2023-07-06 20:42:07,125,Azalor Shadowgale,205,Bread of the Wise,34,Sold To
2021-03-27 01:57:05,276,Thorgrim Shadowgale,183,Enchanted Waterskin,63,Talked
2023-01-19 08:41:54,160,Orin Shadowheart,94,Greatsword of Heavenly Wrath,51,Bought From
2022-11-22 11:41:46,10,Thaelis Starshield,173,Robes of the Archmage,45,Bought From
2023-01-05 10:07:54,32,Qelthar Iceshard,72,Axe of the Moon Chieftain,42,Sold To
2022-08-29 17:53:28,7,Raelan Frostbite,210,Potion of Mana Regeneration,73,Bought From
2021-11-24 08:46:26,276,Thorgrim Shadowgale,143,Staff of Tranquility,634,Sold To
2022-12-19 21:12:41,204,Aryndis Leafwhisper,64,Lockpick of Fates,12,Sold To
2021-04-07 10:00:33,248,Thundara Skullcrusher,45,Boots of the Pathfinder,364,Sold To
2023-03-02 18:31:31,155,Veyla Brightscale,130,Crown of the Lost King,22,Sold To
2021-07-10 14:00:11,113,Oberion Stoneshield,75,Crystal of the Ancients,67,Bought From
2023-05-09 05:29:18,258,Raelan Leafwhisper,199,Potion of Dire Strength,18,Sold To
2022-07-07 16:14:58,274,Lyrielle Seaspray,153,Blade of the Fallen,65,Sold To
2021-05-11 09:20:46,255,Xyphera Leafwhisper,207,Boots of Swiftness,25,Sold To
2022-11-01 20:26:44,176,Faenar Earthshaker,168,Dagger of Betrayal,765,Bought From
2022-07-05 09:25:28,90,Endora Darkfall,121,Cloak of Elvenkind,43,Bought From
2021-10-30 10:16:11,248,Thundara Skullcrusher,59,Veil of the Tempest,5,Bought From
2021-04-16 19:35:42,192,Grundor Steelstrike,130,Crown of the Lost King,22,Sold To
2023-07-18 08:13:57,223,Ulfrik Fellseeker,173,Robes of the Archmage,45,Bought From
2021-12-18 03:30:11,274,Lyrielle Seaspray,83,Potion of Eternal Vigor,92,Sold To
2022-01-18 11:54:37,56,Aryndis Whitewolf,52,Amulet of the Moon,52,Talked
2023-07-09 21:52:27,218,Nymriel Whitewolf,91,Greaves of the Vanguard,82,Sold To
2023-05-04 09:04:52,31,Faenar Starshield,107,Ring of the Sages,856,Sold To
2022-05-07 05:55:12,220,Elidora Grimspine,203,Amulet of the Wind Whisperer,24,Bought From
2021-10-11 08:06:45,226,Keldra Ravenclaw,153,Blade of the Fallen,65,Sold To
2021-03-13 20:40:03,209,Kyrion Lightbringer,150,Potion of Mana Regeneration,65,Bought From
2023-04-07 17:02:54,46,Ashara Frostbane,174,Flask of Infinite Courage,65,Bought From
2021-05-26 09:07:00,52,Morwyn Duskheart,44,Amulet of the Fallen King,72,Sold To
2021-12-12 22:45:05,54,Lythra Flamestrike,161,Chains of the Abyss,98,Bought From
2021-09-08 11:16:59,87,Grundor Ironthorn,38,Axe of the Moon Chieftain,423,Bought From
2022-12-26 11:40:43,209,Kyrion Lightbringer,97,Goblin-made Flail,523,Bought From
2023-01-16 11:41:13,210,Xyra Firetalon,165,Bow of the Eternal Forest,67,Sold To
2023-08-22 10:06:10,265,Illinor Thundersong,208,Robe of the Sage,84,Bought From
2023-02-27 09:16:57,223,Ulfrik Fellseeker,41,Tome of the Elders,272,Bought From
2021-04-29 11:11:27,65,Azalor Thundersong,57,Amethyst Soul Amulet,52,Bought From
2021-02-14 04:07:15,228,Selendis Ravenclaw,197,Necklace of the Mermaid,82,Sold To
2021-05-12 04:51:23,74,Veylan Earthstrider,9,Spectral Chainmail,43,Sold To
2022-08-27 06:03:22,20,Zaela Shadowgale,35,Blade of the Archmage,967,Bought From
2021-11-11 03:47:04,107,Faelthorn Silverbow,161,Chains of the Abyss,98,Talked
2021-10-11 04:33:19,29,Zyralor Ironthorn,144,Axe of the Moon Chieftain,21,Sold To
2021-07-08 23:25:29,274,Lyrielle Seaspray,184,Amulet of the Moon,74,Sold To
2021-04-06 22:26:37,207,Aerendir Earthshaker,38,Axe of the Moon Chieftain,423,Sold To
2023-07-20 07:28:09,156,Aryndis Moonshard,93,Sword of the Paladin,90,Bought From
2021-10-24 08:33:26,66,Lunarion Steelstrike,186,Lockpick of Fates,63,Sold To
2021-11-09 06:40:40,163,Saphyra Bloodfang,150,Potion of Mana Regeneration,65,Sold To
2022-02-01 11:18:58,92,Thaelis Firemantle,62,Bread of the Wise,53,Sold To
2021-07-19 02:53:37,97,Lyrielle Frostclaw,194,Stormbringer Blade,63,Bought From
2021-04-03 03:36:27,54,Lythra Flamestrike,6,Crossbow of Fiery Vengeance,432,Sold To
2023-07-18 15:40:43,76,Daelis Shadowgale,41,Tome of the Elders,272,Bought From
2023-01-13 22:36:37,186,Raelis Ravenclaw,171,Plaguebringer Scythe,45,Bought From
2023-04-28 10:40:28,246,Runorin Darkveil,88,Demon's Blood Elixir,73,Talked
2023-02-09 21:40:41,163,Saphyra Bloodfang,105,Cursed Bone Necklace,95,Sold To
2021-09-20 20:00:42,100,Zephyrix Firethorn,205,Bread of the Wise,34,Sold To
2021-01-09 05:32:51,49,Elandria Shadowflame,131,Blade of the Fallen,323,Bought From
2022-06-04 10:17:41,80,Zaela Dragonfang,174,Flask of Infinite Courage,65,Sold To
2023-08-30 01:08:54,65,Azalor Thundersong,47,Amulet of the Fallen King,412,Bought From
2023-04-02 02:24:25,156,Aryndis Moonshard,44,Amulet of the Fallen King,72,Sold To
2023-06-22 12:31:38,81,Endora Firethorn,81,Rune-etched Crossbow,56,Sold To
2021-11-17 15:35:18,193,Orik Earthshaker,102,Armor of the Sea Spirit,74,Sold To
2022-11-12 00:59:37,102,Quorlinn Moonshard,99,Tome of Elemental Secrets,532,Bought From
2022-01-10 15:58:01,26,Thorgal Nightbane,134,Girdle of Strength,34,Sold To
2021-12-02 22:58:02,152,Elandria Stoneforge,165,Bow of the Eternal Forest,67,Bought From
2021-02-11 02:30:13,7,Raelan Frostbite,173,Robes of the Archmage,45,Talked
2021-03-04 11:55:49,103,Drakan Ironbane,83,Potion of Eternal Vigor,92,Sold To
2021-11-25 14:38:05,163,Saphyra Bloodfang,97,Goblin-made Flail,523,Sold To
2022-08-02 05:14:32,163,Saphyra Bloodfang,186,Lockpick of Fates,63,Bought From
2023-03-09 02:26:47,199,Belthorn Cragjaw,107,Ring of the Sages,856,Bought From
2022-09-24 03:47:48,239,Runorin Brightscale,190,Windfury Longsword,63,Bought From
2022-10-02 20:07:53,201,Thorgal Shadowgale,144,Axe of the Moon Chieftain,21,Bought From
2021-10-31 21:46:40,236,Serafelle Flamestrike,130,Crown of the Lost King,22,Bought From
2022-03-11 11:53:20,228,Selendis Ravenclaw,190,Windfury Longsword,63,Sold To
2022-06-06 02:58:34,54,Lythra Flamestrike,142,Boots of the Pathfinder,75,Talked
2021-12-13 16:03:15,156,Aryndis Moonshard,115,Amulet of the Fallen King,86,Bought From
2022-11-03 23:22:33,97,Lyrielle Frostclaw,184,Amulet of the Moon,74,Bought From
2022-04-09 18:53:18,215,Saphyra Skullcrusher,50,Boots of the Pathfinder,523,Bought From
2022-08-22 05:36:39,20,Zaela Shadowgale,83,Potion of Eternal Vigor,92,Bought From
2022-09-26 23:41:03,116,Delgath Earthstrider,17,Pauldrons of the Bear,423,Talked
2022-02-22 07:40:57,4,Laelor Nightshade,176,Potion of Eternal Vigor,56,Sold To
2021-11-05 05:18:57,259,Thorgrim Dreadbane,92,Helm of the Silver Knight,91,Sold To
2022-06-30 03:53:19,2,Serafelle Earthward,194,Stormbringer Blade,63,Bought From
2021-10-30 02:48:41,31,Faenar Starshield,30,Cursed Bone Necklace,23,Bought From
2023-07-09 08:32:38,128,Gorgrim Fellseeker,207,Boots of Swiftness,25,Bought From
2021-02-09 17:19:54,156,Aryndis Moonshard,159,Potion of Eternal Vigor,8,Sold To
2021-06-08 06:44:34,79,Veyla Sunspire,210,Potion of Mana Regeneration,73,Bought From
2022-10-22 08:32:15,90,Endora Darkfall,91,Greaves of the Vanguard,82,Bought From
2022-01-13 18:38:00,103,Drakan Ironbane,57,Amethyst Soul Amulet,52,Bought From
2022-08-19 19:53:02,93,Isolde Runesong,69,Potion of Eternal Vigor,867,Sold To
2023-04-21 16:01:08,1,Ulfrik Skyshard,75,Crystal of the Ancients,67,Sold To
2022-12-24 01:28:56,92,Thaelis Firemantle,50,Boots of the Pathfinder,523,Sold To
2022-07-06 21:13:12,81,Endora Firethorn,190,Windfury Longsword,63,Bought From
2022-05-02 20:51:54,190,Thorgrim Stoneforge,131,Blade of the Fallen,323,Bought From
2022-04-02 13:56:31,228,Selendis Ravenclaw,190,Windfury Longsword,63,Sold To
2021-06-23 23:17:20,130,Lythor Bearclaw,194,Stormbringer Blade,63,Bought From
2023-07-04 13:46:03,258,Raelan Leafwhisper,143,Staff of Tranquility,634,Talked
2022-12-01 15:56:15,182,Zephyrix Iceshard,97,Goblin-made Flail,523,Bought From
2023-06-04 23:30:18,27,Xyra Steelstrike,32,Tome of Elemental Secrets,51,Sold To
2021-03-27 19:18:10,243,Elanor Sunshield,35,Blade of the Archmage,967,Sold To
2023-06-29 16:28:26,10,Thaelis Starshield,65,Ring of the Fallen King,42,Bought From
2021-03-05 16:29:18,222,Valeria Stormblade,134,Girdle of Strength,34,Bought From
2023-09-04 18:51:47,140,Solandria Grimspine,168,Dagger of Betrayal,765,Bought From
2021-07-29 17:04:37,116,Delgath Earthstrider,9,Spectral Chainmail,43,Sold To
2021-03-07 23:51:22,230,Oromis Darkbane,107,Ring of the Sages,856,Sold To
2023-08-16 14:23:13,16,Oberion Ironthorn,139,Sacred Feather Talisman,640,Bought From
2021-01-18 13:33:44,241,Delgath Ravenclaw,38,Axe of the Moon Chieftain,423,Bought From
2022-11-25 16:48:50,122,Aerendir Earthstrider,69,Potion of Eternal Vigor,867,Bought From
2021-09-27 11:31:47,251,Selendis Earthshaker,29,Windfury Longsword,756,Bought From
2022-05-31 08:12:42,186,Raelis Ravenclaw,99,Tome of Elemental Secrets,532,Talked
2022-06-30 12:21:05,56,Aryndis Whitewolf,64,Lockpick of Fates,12,Bought From
2023-04-03 13:45:25,241,Delgath Ravenclaw,10,Greatsword of Heavenly Wrath,444,Sold To
2022-09-18 23:18:47,269,Goromir Shadowheart,30,Cursed Bone Necklace,23,Bought From
2022-07-09 00:26:43,7,Raelan Frostbite,81,Rune-etched Crossbow,56,Bought From
2021-03-30 09:35:02,96,Oromis Nightshade,11,Potion of Mana Regeneration,543,Sold To
2022-04-24 17:09:41,210,Xyra Firetalon,146,Veil of the Tempest,54,Sold To
2022-06-17 06:01:22,236,Serafelle Flamestrike,199,Potion of Dire Strength,18,Bought From
2022-08-08 10:02:02,155,Veyla Brightscale,67,Amulet of the Wind Whisperer,420,Talked
2022-04-12 00:43:54,215,Saphyra Skullcrusher,69,Potion of Eternal Vigor,867,Bought From
2022-09-05 11:33:11,276,Thorgrim Shadowgale,62,Bread of the Wise,53,Talked
2023-04-26 22:59:44,262,Selendis Starshield,67,Amulet of the Wind Whisperer,420,Sold To
2022-02-26 14:02:58,201,Thorgal Shadowgale,34,Serpent's Fang Saber,98,Talked
2021-04-13 03:51:51,66,Lunarion Steelstrike,86,Blade of the Fallen,28,Sold To
2021-08-26 14:30:09,248,Thundara Skullcrusher,27,Shield of the Dwarven Lords,2,Bought From
2021-02-01 00:54:42,14,Valeria Cragjaw,150,Potion of Mana Regeneration,65,Bought From
2021-10-08 03:45:40,233,Selendis Fellseeker,49,Robes of the Archmage,523,Sold To
2023-03-03 08:37:53,230,Oromis Darkbane,10,Greatsword of Heavenly Wrath,444,Bought From
2022-02-09 17:21:21,256,Solandria Stormblade,174,Flask of Infinite Courage,65,Bought From
2022-02-22 05:27:11,233,Selendis Fellseeker,149,Blade of the Fallen,76,Bought From
2021-04-06 15:13:00,199,Belthorn Cragjaw,144,Axe of the Moon Chieftain,21,Sold To
2023-04-24 12:13:39,268,Xyphera Firetalon,199,Potion of Dire Strength,18,Bought From
2022-10-17 18:46:38,35,Drakan Seaspray,210,Potion of Mana Regeneration,73,Sold To
2021-05-26 07:04:02,265,Illinor Thundersong,118,Robe of the Sage,36,Sold To
2023-08-31 06:03:29,74,Veylan Earthstrider,190,Windfury Longsword,63,Bought From
2023-03-03 14:40:56,138,Raelis Bloodfang,188,Wand of Time,43,Sold To
2022-05-23 22:42:09,178,Zephyra Snowfall,29,Windfury Longsword,756,Bought From
2022-03-02 05:59:48,65,Azalor Thundersong,153,Blade of the Fallen,65,Sold To
2021-08-11 09:57:00,81,Endora Firethorn,44,Amulet of the Fallen King,72,Bought From
2022-06-15 03:51:17,4,Laelor Nightshade,86,Blade of the Fallen,28,Bought From
2023-05-04 08:40:18,244,Quorlinn Ironsong,153,Blade of the Fallen,65,Bought From
2021-10-05 15:48:22,182,Zephyrix Iceshard,122,Crossbow of Fiery Vengeance,63,Bought From
2021-12-05 19:24:49,56,Aryndis Whitewolf,97,Goblin-made Flail,523,Sold To
2022-12-02 09:13:18,178,Zephyra Snowfall,139,Sacred Feather Talisman,640,Sold To
2022-02-28 02:26:50,173,Faelthorn Brightscale,210,Potion of Mana Regeneration,73,Sold To
2021-12-12 19:55:57,130,Lythor Bearclaw,105,Cursed Bone Necklace,95,Bought From
2021-10-28 01:11:10,35,Drakan Seaspray,52,Amulet of the Moon,52,Bought From
2021-11-07 18:53:20,4,Laelor Nightshade,2,Bread of the Wise,25,Bought From
2022-01-20 23:03:32,16,Oberion Ironthorn,199,Potion of Dire Strength,18,Bought From
2022-07-10 21:55:40,33,Zyraziel Swiftblade,62,Bread of the Wise,53,Talked
2022-07-27 02:07:18,252,Raelthorn Shadowgale,29,Windfury Longsword,756,Sold To
2022-10-29 08:59:16,138,Raelis Bloodfang,173,Robes of the Archmage,45,Talked
2022-07-28 03:21:47,179,Thorgrim Skyshard,105,Cursed Bone Necklace,95,Bought From
2022-08-12 20:36:39,251,Selendis Earthshaker,181,Mystic Lightshield,54,Bought From
2021-01-24 15:32:45,246,Runorin Darkveil,47,Amulet of the Fallen King,412,Sold To
2021-01-24 01:41:03,116,Delgath Earthstrider,30,Cursed Bone Necklace,23,Bought From
2021-10-02 23:56:19,233,Selendis Fellseeker,174,Flask of Infinite Courage,65,Sold To
2022-11-24 16:37:32,132,Thera Dragonfang,94,Greatsword of Heavenly Wrath,51,Bought From
2023-03-13 09:32:53,226,Keldra Ravenclaw,196,Golden Chalice of Eternity,78,Sold To
2023-06-05 13:39:45,88,Ulfrik Ragefang,93,Sword of the Paladin,90,Bought From
2021-06-02 10:10:16,166,Keldra Moonshard,29,Windfury Longsword,756,Bought From
2022-09-15 01:39:38,248,Thundara Skullcrusher,165,Bow of the Eternal Forest,67,Bought From
2022-04-14 14:15:49,178,Zephyra Snowfall,207,Boots of Swiftness,25,Bought From
2021-03-15 19:13:25,1,Ulfrik Skyshard,78,Amulet of the Stars,8,Sold To
2023-01-01 11:53:48,27,Xyra Steelstrike,86,Blade of the Fallen,28,Bought From
2021-08-21 06:23:25,209,Kyrion Lightbringer,208,Robe of the Sage,84,Sold To
2022-01-10 00:45:31,176,Faenar Earthshaker,190,Windfury Longsword,63,Sold To
2022-02-16 01:48:08,192,Grundor Steelstrike,50,Boots of the Pathfinder,523,Bought From
2021-04-02 02:12:41,74,Veylan Earthstrider,86,Blade of the Fallen,28,Bought From
2021-01-27 05:57:52,276,Thorgrim Shadowgale,199,Potion of Dire Strength,18,Bought From
2021-01-21 19:55:05,81,Endora Firethorn,9,Spectral Chainmail,43,Sold To
2022-07-04 20:16:05,259,Thorgrim Dreadbane,47,Amulet of the Fallen King,412,Sold To
2021-01-26 11:31:42,113,Oberion Stoneshield,99,Tome of Elemental Secrets,532,Talked
2023-04-16 06:27:33,207,Aerendir Earthshaker,44,Amulet of the Fallen King,72,Bought From
2022-08-23 18:00:28,54,Lythra Flamestrike,99,Tome of Elemental Secrets,532,Bought From
2022-03-24 18:57:54,169,Daelis Dragonfang,22,Earthshaker Hammer,44,Sold To
2021-09-25 22:22:34,186,Raelis Ravenclaw,165,Bow of the Eternal Forest,67,Bought From
2022-06-20 21:50:05,176,Faenar Earthshaker,158,Sunfire Cape,98,Sold To
2022-10-15 16:01:21,237,Lyrielle Dreadbane,91,Greaves of the Vanguard,82,Bought From
2022-08-02 01:05:27,59,Zaela Shadowheart,117,Sword of the Paladin,364,Bought From
2022-04-01 18:01:01,181,Lunarion Darkbane,143,Staff of Tranquility,634,Sold To
2021-10-02 03:18:59,241,Delgath Ravenclaw,86,Blade of the Fallen,28,Sold To
2023-05-29 23:01:18,92,Thaelis Firemantle,125,Harvest Moon Scepter,25,Bought From
2021-01-13 20:07:05,259,Thorgrim Dreadbane,27,Shield of the Dwarven Lords,2,Bought From
2023-05-03 16:15:35,97,Lyrielle Frostclaw,117,Sword of the Paladin,364,Sold To
2023-03-25 12:04:36,222,Valeria Stormblade,197,Necklace of the Mermaid,82,Bought From
2022-01-11 00:33:24,220,Elidora Grimspine,10,Greatsword of Heavenly Wrath,444,Bought From
2021-07-16 02:01:17,59,Zaela Shadowheart,97,Goblin-made Flail,523,Sold To
2022-05-09 12:49:10,127,Xirelle Darkfall,142,Boots of the Pathfinder,75,Sold To
2023-07-31 00:07:22,240,Valyndra Earthstrider,117,Sword of the Paladin,364,Sold To
2021-06-13 20:41:41,35,Drakan Seaspray,35,Blade of the Archmage,967,Talked
2023-08-13 14:03:57,278,Elanor Earthshaker,121,Cloak of Elvenkind,43,Bought From
2023-08-19 06:14:22,97,Lyrielle Frostclaw,125,Harvest Moon Scepter,25,Bought From
2021-04-08 04:59:17,132,Thera Dragonfang,9,Spectral Chainmail,43,Sold To
2022-08-14 19:42:21,122,Aerendir Earthstrider,30,Cursed Bone Necklace,23,Sold To
2023-01-28 06:40:45,228,Selendis Ravenclaw,49,Robes of the Archmage,523,Bought From
2021-06-10 05:04:57,93,Isolde Runesong,27,Shield of the Dwarven Lords,2,Bought From
2023-05-19 11:44:30,272,Goromir Skullcrusher,99,Tome of Elemental Secrets,532,Bought From
2021-11-04 17:21:32,187,Thaldor Shadowflame,130,Crown of the Lost King,22,Bought From
2021-07-07 08:19:20,128,Gorgrim Fellseeker,161,Chains of the Abyss,98,Talked
2021-06-23 01:33:28,110,Azalor Shadowheart,186,Lockpick of Fates,63,Sold To
2023-08-14 16:53:41,61,Elanor Ironthorn,130,Crown of the Lost King,22,Bought From
2023-04-07 09:28:48,248,Thundara Skullcrusher,32,Tome of Elemental Secrets,51,Talked
2021-07-16 21:54:40,256,Solandria Stormblade,197,Necklace of the Mermaid,82,Sold To
2021-07-24 18:35:25,103,Drakan Ironbane,44,Amulet of the Fallen King,72,Bought From
2021-11-29 02:19:51,80,Zaela Dragonfang,91,Greaves of the Vanguard,82,Bought From
2022-06-25 12:31:52,187,Thaldor Shadowflame,78,Amulet of the Stars,8,Sold To
2021-07-15 23:41:55,143,Thorgath Ashenveil,29,Windfury Longsword,756,Sold To
2021-12-10 19:23:56,33,Zyraziel Swiftblade,46,Quicksilver Bullets,35,Sold To
2021-10-31 10:19:11,92,Thaelis Firemantle,124,Armbands of Resilience,64,Bought From
2022-06-16 23:44:01,197,Illinor Silvermoon,207,Boots of Swiftness,25,Bought From
2021-02-22 08:41:40,138,Raelis Bloodfang,22,Earthshaker Hammer,44,Sold To
2021-04-12 06:29:00,100,Zephyrix Firethorn,11,Potion of Mana Regeneration,543,Talked
2021-03-28 15:54:17,69,Valyndra Bloodfang,130,Crown of the Lost King,22,Sold To
2023-05-26 20:59:56,81,Endora Firethorn,142,Boots of the Pathfinder,75,Talked
2023-01-04 14:06:38,182,Zephyrix Iceshard,195,Potion of Mana Regeneration,72,Talked
2022-10-21 12:21:00,103,Drakan Ironbane,144,Axe of the Moon Chieftain,21,Sold To
2022-04-20 04:35:59,76,Daelis Shadowgale,46,Quicksilver Bullets,35,Bought From
2022-03-03 01:00:28,237,Lyrielle Dreadbane,69,Potion of Eternal Vigor,867,Sold To
2021-06-24 13:47:13,259,Thorgrim Dreadbane,17,Pauldrons of the Bear,423,Bought From
2022-03-06 21:58:18,181,Lunarion Darkbane,194,Stormbringer Blade,63,Sold To
2022-07-15 10:04:06,259,Thorgrim Dreadbane,171,Plaguebringer Scythe,45,Bought From
2023-05-25 03:10:13,48,Orik Stormstrike,30,Cursed Bone Necklace,23,Sold To
2021-06-15 09:03:55,97,Lyrielle Frostclaw,194,Stormbringer Blade,63,Sold To
2022-12-29 07:06:39,169,Daelis Dragonfang,144,Axe of the Moon Chieftain,21,Bought From
2023-06-06 12:47:55,274,Lyrielle Seaspray,69,Potion of Eternal Vigor,867,Bought From
2023-02-11 05:04:10,239,Runorin Brightscale,11,Potion of Mana Regeneration,543,Sold To
2022-03-26 05:20:59,43,Thorgath Ravenclaw,94,Greatsword of Heavenly Wrath,51,Sold To
2021-03-26 06:31:17,169,Daelis Dragonfang,81,Rune-etched Crossbow,56,Bought From
2021-06-16 11:59:37,98,Zephyra Deathbringer,102,Armor of the Sea Spirit,74,Bought From
2021-09-25 16:04:21,152,Elandria Stoneforge,125,Harvest Moon Scepter,25,Sold To
2022-06-28 11:37:46,130,Lythor Bearclaw,38,Axe of the Moon Chieftain,423,Bought From
2022-08-25 01:40:20,201,Thorgal Shadowgale,179,Scroll of Forgotten Knowledge,34,Bought From
2021-08-08 23:44:24,274,Lyrielle Seaspray,142,Boots of the Pathfinder,75,Sold To
2023-06-24 12:55:26,49,Elandria Shadowflame,53,Axe of the Moon Chieftain,754,Bought From
2022-05-07 04:02:32,274,Lyrielle Seaspray,195,Potion of Mana Regeneration,72,Sold To
2021-01-11 21:23:47,276,Thorgrim Shadowgale,52,Amulet of the Moon,52,Bought From
2023-07-12 23:47:18,143,Thorgath Ashenveil,176,Potion of Eternal Vigor,56,Bought From
2021-08-28 23:29:35,65,Azalor Thundersong,86,Blade of the Fallen,28,Sold To
2021-04-08 16:00:19,140,Solandria Grimspine,183,Enchanted Waterskin,63,Sold To
2022-10-19 14:01:29,243,Elanor Sunshield,161,Chains of the Abyss,98,Talked
2021-04-27 08:58:10,107,Faelthorn Silverbow,208,Robe of the Sage,84,Sold To
2021-11-06 08:52:59,246,Runorin Darkveil,156,Robe of the Sage,87,Bought From
2023-01-08 01:27:32,87,Grundor Ironthorn,154,Robe of the Sage,65,Sold To
2022-03-12 04:21:17,182,Zephyrix Iceshard,2,Bread of the Wise,25,Sold To
2023-04-29 03:44:19,244,Quorlinn Ironsong,83,Potion of Eternal Vigor,92,Bought From
2022-11-12 04:18:49,209,Kyrion Lightbringer,46,Quicksilver Bullets,35,Bought From
2021-07-06 15:14:52,209,Kyrion Lightbringer,24,Scroll of the Phoenix,320,Sold To
2021-01-03 08:23:02,155,Veyla Brightscale,156,Robe of the Sage,87,Sold To
2022-09-19 17:15:36,33,Zyraziel Swiftblade,14,Boots of Celestial Steps,453,Bought From
2023-02-19 00:58:04,98,Zephyra Deathbringer,124,Armbands of Resilience,64,Sold To
2021-05-13 23:23:46,103,Drakan Ironbane,173,Robes of the Archmage,45,Talked
2021-02-05 20:35:16,169,Daelis Dragonfang,6,Crossbow of Fiery Vengeance,432,Bought From
2023-08-20 18:06:33,134,Aryndis Nightshade,200,Staff of Eldritch Power,82,Sold To
2021-08-23 09:56:32,122,Aerendir Earthstrider,81,Rune-etched Crossbow,56,Sold To
2021-12-21 23:38:26,16,Oberion Ironthorn,203,Amulet of the Wind Whisperer,24,Sold To
2023-06-02 00:13:39,27,Xyra Steelstrike,86,Blade of the Fallen,28,Bought From
2021-09-01 15:19:55,7,Raelan Frostbite,159,Potion of Eternal Vigor,8,Sold To
2023-04-12 16:27:54,14,Valeria Cragjaw,159,Potion of Eternal Vigor,8,Bought From
2021-06-20 11:44:35,79,Veyla Sunspire,197,Necklace of the Mermaid,82,Bought From
2022-05-29 06:03:34,26,Thorgal Nightbane,203,Amulet of the Wind Whisperer,24,Bought From
2023-04-09 00:23:26,125,Azalor Shadowgale,35,Blade of the Archmage,967,Sold To
2023-05-18 23:04:47,150,Aerendir Stoneshield,208,Robe of the Sage,84,Talked
2021-03-10 11:53:08,69,Valyndra Bloodfang,179,Scroll of Forgotten Knowledge,34,Bought From
2021-12-03 22:13:20,233,Selendis Fellseeker,102,Armor of the Sea Spirit,74,Bought From
2022-04-29 15:33:04,204,Aryndis Leafwhisper,10,Greatsword of Heavenly Wrath,444,Sold To
2023-07-03 22:59:28,256,Solandria Stormblade,88,Demon's Blood Elixir,73,Talked
2023-07-30 12:45:21,100,Zephyrix Firethorn,117,Sword of the Paladin,364,Bought From
2021-03-04 22:10:18,132,Thera Dragonfang,200,Staff of Eldritch Power,82,Sold To
2021-05-29 01:59:57,240,Valyndra Earthstrider,115,Amulet of the Fallen King,86,Sold To
2023-05-02 06:36:16,276,Thorgrim Shadowgale,154,Robe of the Sage,65,Sold To
2023-02-12 10:15:37,252,Raelthorn Shadowgale,186,Lockpick of Fates,63,Bought From
2022-02-05 06:48:40,233,Selendis Fellseeker,161,Chains of the Abyss,98,Bought From
2021-04-20 02:43:55,262,Selendis Starshield,205,Bread of the Wise,34,Talked
2021-12-29 17:41:46,222,Valeria Stormblade,27,Shield of the Dwarven Lords,2,Bought From
2021-05-10 10:21:55,26,Thorgal Nightbane,72,Axe of the Moon Chieftain,42,Talked
2023-06-06 13:01:19,272,Goromir Skullcrusher,199,Potion of Dire Strength,18,Bought From
2021-02-11 16:26:04,116,Delgath Earthstrider,184,Amulet of the Moon,74,Bought From
2023-03-06 16:15:48,236,Serafelle Flamestrike,10,Greatsword of Heavenly Wrath,444,Sold To
2022-12-01 01:18:57,269,Goromir Shadowheart,38,Axe of the Moon Chieftain,423,Sold To
2023-01-10 21:05:49,228,Selendis Ravenclaw,52,Amulet of the Moon,52,Sold To
2021-10-26 13:12:41,269,Goromir Shadowheart,78,Amulet of the Stars,8,Sold To
2023-02-12 08:42:49,213,Veylan Seaspray,153,Blade of the Fallen,65,Sold To
2023-02-09 14:10:43,158,Elandria Firethorn,146,Veil of the Tempest,54,Sold To
2022-01-13 11:57:02,81,Endora Firethorn,112,Ring of the Fallen King,86,Sold To
2022-04-11 20:00:05,63,Oromis Snowfall,165,Bow of the Eternal Forest,67,Sold To
2022-01-17 14:05:05,155,Veyla Brightscale,30,Cursed Bone Necklace,23,Bought From
2022-02-20 19:30:12,15,Thaelen Glowspark,115,Amulet of the Fallen King,86,Bought From
2022-07-08 18:08:21,156,Aryndis Moonshard,173,Robes of the Archmage,45,Bought From
2022-03-05 11:28:33,63,Oromis Snowfall,27,Shield of the Dwarven Lords,2,Bought From
2021-03-06 06:54:31,190,Thorgrim Stoneforge,208,Robe of the Sage,84,Sold To
2021-09-17 22:02:19,144,Jadefang Fellseeker,32,Tome of Elemental Secrets,51,Sold To
2021-10-30 00:01:17,135,Xyra Whitewolf,24,Scroll of the Phoenix,320,Talked
2021-01-14 02:36:52,243,Elanor Sunshield,107,Ring of the Sages,856,Talked
2022-10-29 06:01:57,233,Selendis Fellseeker,41,Tome of the Elders,272,Sold To
2021-12-01 09:52:50,14,Valeria Cragjaw,53,Axe of the Moon Chieftain,754,Sold To
2021-07-18 05:32:20,31,Faenar Starshield,99,Tome of Elemental Secrets,532,Sold To
2022-12-04 01:54:12,220,Elidora Grimspine,83,Potion of Eternal Vigor,92,Bought From
2021-04-27 23:55:00,116,Delgath Earthstrider,88,Demon's Blood Elixir,73,Talked
2023-07-11 17:32:06,40,Zyralor Starshield,207,Boots of Swiftness,25,Bought From
2023-03-17 22:44:36,32,Qelthar Iceshard,210,Potion of Mana Regeneration,73,Bought From
2023-05-17 18:58:25,127,Xirelle Darkfall,50,Boots of the Pathfinder,523,Sold To
2023-08-23 11:02:55,184,Illinor Thunderclap,168,Dagger of Betrayal,765,Bought From
2022-06-03 07:16:14,97,Lyrielle Frostclaw,11,Potion of Mana Regeneration,543,Bought From
2023-04-19 20:44:05,241,Delgath Ravenclaw,153,Blade of the Fallen,65,Sold To
2021-03-16 03:01:02,193,Orik Earthshaker,181,Mystic Lightshield,54,Bought From
2023-06-30 19:26:19,38,Runorin Grimspine,154,Robe of the Sage,65,Sold To
2022-07-03 16:19:25,74,Veylan Earthstrider,2,Bread of the Wise,25,Bought From
2021-10-18 20:09:15,215,Saphyra Skullcrusher,88,Demon's Blood Elixir,73,Talked
2022-12-31 09:24:10,128,Gorgrim Fellseeker,67,Amulet of the Wind Whisperer,420,Talked
2022-05-29 09:01:49,66,Lunarion Steelstrike,99,Tome of Elemental Secrets,532,Bought From
2022-06-07 11:16:38,7,Raelan Frostbite,22,Earthshaker Hammer,44,Bought From
2022-11-14 17:11:24,233,Selendis Fellseeker,32,Tome of Elemental Secrets,51,Talked
2021-04-05 00:44:24,248,Thundara Skullcrusher,52,Amulet of the Moon,52,Sold To
2021-11-26 23:17:07,223,Ulfrik Fellseeker,161,Chains of the Abyss,98,Bought From
2021-09-20 05:42:17,230,Oromis Darkbane,184,Amulet of the Moon,74,Bought From
2021-05-24 17:37:48,233,Selendis Fellseeker,191,Amulet of the Fallen Queen,63,Sold To
2021-03-20 03:10:16,265,Illinor Thundersong,67,Amulet of the Wind Whisperer,420,Talked
2022-03-28 23:36:22,150,Aerendir Stoneshield,75,Crystal of the Ancients,67,Bought From
2022-05-05 08:34:23,262,Selendis Starshield,64,Lockpick of Fates,12,Sold To
2022-12-12 22:52:37,280,Gwynara Swiftwind,32,Tome of Elemental Secrets,51,Sold To
2021-10-23 19:40:09,56,Aryndis Whitewolf,52,Amulet of the Moon,52,Sold To
2021-02-24 20:04:13,262,Selendis Starshield,94,Greatsword of Heavenly Wrath,51,Bought From
2021-09-22 04:03:34,48,Orik Stormstrike,150,Potion of Mana Regeneration,65,Sold To
2023-06-23 06:43:23,228,Selendis Ravenclaw,9,Spectral Chainmail,43,Bought From
2022-11-25 07:44:56,22,Gilean Oakheart,200,Staff of Eldritch Power,82,Bought From
2021-04-11 09:24:47,113,Oberion Stoneshield,59,Veil of the Tempest,5,Bought From
2021-11-03 01:50:17,134,Aryndis Nightshade,11,Potion of Mana Regeneration,543,Sold To
2022-10-26 02:21:34,243,Elanor Sunshield,92,Helm of the Silver Knight,91,Bought From
2023-05-19 22:43:19,48,Orik Stormstrike,45,Boots of the Pathfinder,364,Bought From
2022-08-15 14:14:39,63,Oromis Snowfall,153,Blade of the Fallen,65,Sold To
2023-05-04 13:10:10,250,Belthorn Ashmantle,41,Tome of the Elders,272,Sold To
2021-11-29 18:52:37,190,Thorgrim Stoneforge,75,Crystal of the Ancients,67,Bought From
2022-09-29 16:35:18,14,Valeria Cragjaw,117,Sword of the Paladin,364,Talked
2023-05-07 15:10:42,46,Ashara Frostbane,159,Potion of Eternal Vigor,8,Bought From
2021-01-25 00:55:09,144,Jadefang Fellseeker,121,Cloak of Elvenkind,43,Sold To
2022-12-10 18:58:19,156,Aryndis Moonshard,181,Mystic Lightshield,54,Sold To
2021-07-12 14:58:21,98,Zephyra Deathbringer,146,Veil of the Tempest,54,Bought From
2021-02-13 00:00:13,147,Valyndra Earthshaker,17,Pauldrons of the Bear,423,Talked
2023-03-05 08:21:59,7,Raelan Frostbite,184,Amulet of the Moon,74,Bought From
2022-03-25 23:15:29,48,Orik Stormstrike,208,Robe of the Sage,84,Talked
2023-05-04 15:25:53,29,Zyralor Ironthorn,24,Scroll of the Phoenix,320,Sold To
2022-08-19 16:40:13,135,Xyra Whitewolf,78,Amulet of the Stars,8,Bought From
2021-10-26 12:09:10,237,Lyrielle Dreadbane,142,Boots of the Pathfinder,75,Bought From
