2021-07-31 17:32:13,56,Aryndis Whitewolf,Warrior,Elf,148,Heralds of Hope,Crafting
2021-04-21 03:44:24,16,Oberion Ironthorn,Warrior,Naga,225,Hands of Fate,Mage Training
2021-04-04 13:10:38,269,Goromir Shadowheart,Healer,Dwarf,60,Elixir Masters,Healing
2021-08-08 20:59:41,16,Oberion Ironthorn,Warrior,Naga,16,The Righteous,Questing
2021-07-23 07:30:17,184,Illinor Thunderclap,Summoner,Naga,109,Moonlit Mystics,Questing
2022-01-13 22:48:33,138,Raelis Bloodfang,Archer,Human,104,Emerald Enchanters,Knowledge
2021-02-25 11:40:51,239,Runorin Brightscale,Summoner,Human,16,The Righteous,Questing
2021-08-01 03:39:29,158,Elandria Firethorn,Archer,Human,222,Sun Warriors,Crafting
2021-11-06 21:14:54,33,Zyraziel Swiftblade,Healer,Orc,180,Shadow Society,Trading
2022-04-11 18:58:36,246,Runorin Darkveil,Summoner,Orc,85,Abyss Watchers,Exploration
2022-02-07 18:21:17,15,Thaelen Glowspark,Mage,Undead,301,Prophets of Doom,Questing
2022-04-18 03:56:47,152,Elandria Stoneforge,Archer,Orc,91,Circle of Druids,Crafting
2022-07-22 20:48:40,59,Zaela Shadowheart,Mage,Undead,9,Elemental Lords,Questing
2021-03-13 01:18:09,173,Faelthorn Brightscale,Warrior,Dwarf,32,Guardians of Light,Healing
2023-05-07 21:58:04,233,Selendis Fellseeker,Archer,Naga,193,Archmage Assembly,Knowledge
2023-05-11 09:08:39,195,Saphyra Moonshard,Warrior,Orc,43,Mind Over Matter,Questing
2022-07-09 01:08:45,90,Endora Darkfall,Mage,Dwarf,252,Starborn Seekers,PvP
2023-08-23 16:03:07,98,Zephyra Deathbringer,Summoner,Human,161,Storm Riders,Trading
2021-03-10 02:48:04,220,Elidora Grimspine,Healer,Undead,181,Starborn Seekers,PvP
2023-02-09 21:53:29,187,Thaldor Shadowflame,Mage,Naga,122,The Undying,Healing
2022-04-11 07:18:13,250,Belthorn Ashmantle,Warrior,Dwarf,222,Sun Warriors,Crafting
2023-08-20 07:04:29,97,Lyrielle Frostclaw,Mage,Undead,200,Storm Riders,Exploration
2022-05-10 05:25:33,69,Valyndra Bloodfang,Rogue,Human,25,Guardians of Light,Trading
2022-03-21 12:17:56,90,Endora Darkfall,Mage,Dwarf,63,Defenders of Destiny,Questing
2023-02-14 01:48:13,54,Lythra Flamestrike,Healer,Elf,270,The Undying,Questing
2022-11-21 14:45:34,90,Endora Darkfall,Mage,Dwarf,85,Abyss Watchers,Exploration
2023-05-14 10:25:42,200,Selendis Swiftblade,Rogue,Orc,120,The Forsaken,Questing
2021-08-26 12:48:53,256,Solandria Stormblade,Summoner,Dwarf,40,Mind Over Matter,Mage Training
2023-03-02 09:50:34,268,Xyphera Firetalon,Archer,Human,117,Archmage Assembly,Exploration
2023-01-31 16:53:39,20,Zaela Shadowgale,Archer,Dwarf,122,The Undying,Healing
2021-10-12 10:42:14,186,Raelis Ravenclaw,Summoner,Dwarf,178,Knights of Valor,Questing
2021-09-22 20:40:38,242,Veyla Earthstrider,Warrior,Dwarf,66,The Righteous,Exploration
2022-08-13 22:05:03,252,Raelthorn Shadowgale,Mage,Dwarf,165,The Silent Footsteps,Knowledge
2022-12-02 00:27:58,280,Gwynara Swiftwind,Mage,Dwarf,44,The Wanderers,Questing
2022-08-17 10:17:27,226,Keldra Ravenclaw,Rogue,Human,1,The Wanderers,Questing
2021-04-09 08:35:02,56,Aryndis Whitewolf,Warrior,Elf,32,Guardians of Light,Healing
2022-06-05 20:40:28,258,Raelan Leafwhisper,Rogue,Elf,268,Artisans of Alchemy,Exploration
2022-05-25 16:22:49,138,Raelis Bloodfang,Archer,Human,38,Council of Elders,PvP
2021-04-13 04:19:18,233,Selendis Fellseeker,Archer,Naga,59,Spirit Guardians,Trading
2021-04-18 11:55:30,20,Zaela Shadowgale,Archer,Dwarf,116,Mercenaries of Fortune,Crafting
2021-04-13 05:59:09,176,Faenar Earthshaker,Summoner,Dwarf,177,The Undying,Spying
2023-02-19 04:46:07,242,Veyla Earthstrider,Warrior,Dwarf,163,The Silent Footsteps,Trading
2021-11-03 15:39:17,253,Aryndis Mistmantle,Mage,Elf,16,The Righteous,Questing
2021-12-13 10:44:22,79,Veyla Sunspire,Archer,Human,1,The Wanderers,Questing
2021-01-01 19:01:33,239,Runorin Brightscale,Summoner,Human,161,Storm Riders,Trading
2022-06-10 10:04:42,26,Thorgal Nightbane,Healer,Elf,50,Desert Nomads,Knowledge
2022-11-27 16:17:10,240,Valyndra Earthstrider,Mage,Human,167,The Righteous,Questing
2021-09-05 09:08:22,15,Thaelen Glowspark,Mage,Undead,44,The Wanderers,Questing
2022-02-14 11:28:02,15,Thaelen Glowspark,Mage,Undead,70,Shadow Society,Crafting
2022-03-06 15:41:28,280,Gwynara Swiftwind,Mage,Dwarf,22,Artisans of Alchemy,Questing
2022-08-19 13:08:53,186,Raelis Ravenclaw,Summoner,Dwarf,215,Thieves of Time,Spying
2021-09-08 03:01:49,240,Valyndra Earthstrider,Mage,Human,8,Hands of Fate,Questing
2022-09-28 02:01:29,15,Thaelen Glowspark,Mage,Undead,46,Hands of Fate,Knowledge
2022-01-22 19:10:55,258,Raelan Leafwhisper,Rogue,Elf,91,Circle of Druids,Crafting
2023-03-17 09:42:08,143,Thorgath Ashenveil,Warrior,Orc,120,The Forsaken,Questing
2022-08-07 05:59:11,280,Gwynara Swiftwind,Mage,Dwarf,194,Dragon Slayers,Knowledge
2023-01-17 18:37:25,222,Valeria Stormblade,Archer,Naga,186,Wisdom Weavers,Mage Training
2022-02-26 01:00:23,278,Elanor Earthshaker,Mage,Dwarf,47,Dragon Slayers,Exploration
2021-11-12 18:01:49,56,Aryndis Whitewolf,Warrior,Elf,212,Archmage Assembly,Questing
2021-06-24 08:11:14,43,Thorgath Ravenclaw,Mage,Naga,53,Knights of Valor,Questing
2021-02-14 19:05:14,134,Aryndis Nightshade,Mage,Orc,219,Guardians of Light,Crafting
2021-08-31 02:25:40,103,Drakan Ironbane,Rogue,Undead,296,Crypt Crawlers,Exploration
2022-10-10 16:37:20,181,Lunarion Darkbane,Rogue,Dwarf,91,Circle of Druids,Crafting
2021-01-08 05:06:59,97,Lyrielle Frostclaw,Mage,Undead,171,Storm Riders,Mage Training
2022-08-23 19:20:32,169,Daelis Dragonfang,Healer,Dwarf,178,Knights of Valor,Questing
2022-03-29 05:57:15,82,Aryndis Skyfury,Rogue,Undead,285,Defenders of Destiny,Exploration
2021-05-26 16:04:20,236,Serafelle Flamestrike,Archer,Dwarf,60,Elixir Masters,Healing
2023-01-16 02:13:21,56,Aryndis Whitewolf,Warrior,Elf,294,Shadow Society,Crafting
2021-01-09 05:32:31,87,Grundor Ironthorn,Archer,Dwarf,109,Moonlit Mystics,Questing
2022-05-28 16:09:51,81,Endora Firethorn,Warrior,Elf,110,Mind Over Matter,Exploration
2022-11-21 04:03:02,209,Kyrion Lightbringer,Rogue,Human,110,Mind Over Matter,Exploration
2021-12-25 01:39:33,197,Illinor Silvermoon,Warrior,Naga,8,Hands of Fate,Questing
2022-07-26 00:57:41,156,Aryndis Moonshard,Warrior,Human,47,Dragon Slayers,Exploration
2022-01-25 13:30:14,242,Veyla Earthstrider,Warrior,Dwarf,268,Artisans of Alchemy,Exploration
2022-10-07 14:11:59,46,Ashara Frostbane,Warrior,Naga,30,Seekers of Truth,Exploration
2023-04-30 13:02:14,1,Ulfrik Skyshard,Mage,Elf,233,Archmage Assembly,Crafting
2022-07-12 23:21:49,201,Thorgal Shadowgale,Summoner,Undead,131,Hands of Fate,Trading
2021-06-23 04:16:18,207,Aerendir Earthshaker,Archer,Human,49,Hands of Fate,Questing
2021-10-31 07:15:23,147,Valyndra Earthshaker,Summoner,Orc,293,Prophets of Doom,Questing
2022-04-22 06:32:47,195,Saphyra Moonshard,Warrior,Orc,222,Sun Warriors,Crafting
2023-06-30 01:18:05,233,Selendis Fellseeker,Archer,Naga,53,Knights of Valor,Questing
2023-02-02 18:06:56,52,Morwyn Duskheart,Warrior,Human,165,The Silent Footsteps,Knowledge
2021-05-12 05:50:18,147,Valyndra Earthshaker,Summoner,Orc,76,Mind Over Matter,Questing
2021-11-11 08:15:41,147,Valyndra Earthshaker,Summoner,Orc,171,Storm Riders,Mage Training
2021-05-06 08:02:31,54,Lythra Flamestrike,Healer,Elf,194,Dragon Slayers,Knowledge
2021-09-22 15:52:31,268,Xyphera Firetalon,Archer,Human,175,Frostbite Clan,Healing
2021-11-18 16:27:53,280,Gwynara Swiftwind,Mage,Dwarf,29,Heavenly Healers,Questing
2021-02-08 17:09:17,10,Thaelis Starshield,Healer,Elf,198,Seekers of Truth,Trading
2022-12-13 11:03:41,280,Gwynara Swiftwind,Mage,Dwarf,219,Guardians of Light,Crafting
2021-04-01 21:48:03,82,Aryndis Skyfury,Rogue,Undead,294,Shadow Society,Crafting
2023-08-05 02:33:20,102,Quorlinn Moonshard,Mage,Orc,300,Heavenly Healers,Exploration
2022-04-30 15:25:28,259,Thorgrim Dreadbane,Rogue,Naga,171,Storm Riders,Mage Training
2023-06-11 08:21:13,193,Orik Earthshaker,Rogue,Undead,60,Elixir Masters,Healing
2021-06-01 05:55:40,262,Selendis Starshield,Archer,Dwarf,46,Hands of Fate,Knowledge
2023-02-24 06:27:07,240,Valyndra Earthstrider,Mage,Human,46,Hands of Fate,Knowledge
2022-04-23 11:46:57,147,Valyndra Earthshaker,Summoner,Orc,76,Mind Over Matter,Questing
2021-01-19 19:24:00,178,Zephyra Snowfall,Mage,Undead,76,Mind Over Matter,Questing
2021-05-17 16:33:27,262,Selendis Starshield,Archer,Dwarf,116,Mercenaries of Fortune,Crafting
2023-08-28 13:14:50,14,Valeria Cragjaw,Healer,Dwarf,114,Starborn Seekers,Spying
2021-12-04 15:58:55,246,Runorin Darkveil,Summoner,Orc,16,The Righteous,Questing
2021-06-09 21:18:54,125,Azalor Shadowgale,Healer,Undead,209,Hands of Fate,Spying
2023-08-09 23:24:16,31,Faenar Starshield,Healer,Undead,200,Storm Riders,Exploration
2021-10-20 16:07:02,184,Illinor Thunderclap,Summoner,Naga,43,Mind Over Matter,Questing
2021-07-09 04:59:06,2,Serafelle Earthward,Mage,Dwarf,107,Spirit Guardians,Questing
2022-05-24 11:15:41,110,Azalor Shadowheart,Summoner,Elf,197,Archmage Assembly,PvP
2022-10-28 20:14:41,252,Raelthorn Shadowgale,Mage,Dwarf,241,The Wanderers,Crafting
2023-07-23 04:33:52,14,Valeria Cragjaw,Healer,Dwarf,138,Mind Over Matter,Trading
2023-01-04 09:20:19,33,Zyraziel Swiftblade,Healer,Orc,67,Emerald Enchanters,Healing
2021-08-14 17:18:07,178,Zephyra Snowfall,Mage,Undead,56,Artisans of Alchemy,Exploration
2023-02-16 11:18:00,80,Zaela Dragonfang,Archer,Naga,174,Seekers of Truth,Mage Training
2021-10-14 11:09:44,239,Runorin Brightscale,Summoner,Human,85,Abyss Watchers,Exploration
2022-11-18 17:21:17,88,Ulfrik Ragefang,Warrior,Naga,161,Storm Riders,Trading
2021-11-15 15:12:36,80,Zaela Dragonfang,Archer,Naga,14,The Forsaken,Crafting
2023-05-02 17:28:12,155,Veyla Brightscale,Archer,Human,131,Hands of Fate,Trading
2023-07-18 07:49:29,103,Drakan Ironbane,Rogue,Undead,194,Dragon Slayers,Knowledge
2022-01-20 19:48:39,69,Valyndra Bloodfang,Rogue,Human,180,Shadow Society,Trading
2023-08-25 18:04:28,29,Zyralor Ironthorn,Warrior,Human,25,Guardians of Light,Trading
2022-03-05 00:11:46,244,Quorlinn Ironsong,Rogue,Undead,215,Thieves of Time,Spying
2021-01-09 18:06:47,16,Oberion Ironthorn,Warrior,Naga,73,Thieves of Time,PvP
2021-10-20 09:47:42,280,Gwynara Swiftwind,Mage,Dwarf,105,Desert Nomads,Crafting
2021-11-12 09:41:22,26,Thorgal Nightbane,Healer,Elf,70,Shadow Society,Crafting
2022-03-22 10:30:22,160,Orin Shadowheart,Rogue,Dwarf,67,Emerald Enchanters,Healing
2022-10-18 10:45:19,132,Thera Dragonfang,Rogue,Orc,193,Archmage Assembly,Knowledge
2021-01-16 05:57:52,173,Faelthorn Brightscale,Warrior,Dwarf,16,The Righteous,Questing
2021-03-11 12:52:59,253,Aryndis Mistmantle,Mage,Elf,181,Starborn Seekers,PvP
2021-09-16 16:20:48,81,Endora Firethorn,Warrior,Elf,14,The Forsaken,Crafting
2022-09-11 22:41:08,119,Saphyra Deathbringer,Rogue,Human,184,The Undying,Knowledge
2021-09-19 08:32:15,22,Gilean Oakheart,Archer,Dwarf,248,Emerald Enchanters,PvP
2022-11-30 22:01:04,27,Xyra Steelstrike,Mage,Human,49,Hands of Fate,Questing
2023-01-09 10:34:40,132,Thera Dragonfang,Rogue,Orc,95,Wisdom Weavers,Crafting
2021-09-09 01:16:32,176,Faenar Earthshaker,Summoner,Dwarf,104,Emerald Enchanters,Knowledge
2021-08-08 17:37:59,76,Daelis Shadowgale,Warrior,Orc,262,Hands of Fate,Healing
2023-03-24 00:35:45,178,Zephyra Snowfall,Mage,Undead,203,Wizards of the Coast,Trading
2023-01-12 07:56:54,243,Elanor Sunshield,Summoner,Naga,131,Hands of Fate,Trading
2022-10-29 13:37:02,156,Aryndis Moonshard,Warrior,Human,13,Heart of Courage,Crafting
2023-07-12 17:54:35,278,Elanor Earthshaker,Mage,Dwarf,192,Heart of Courage,Spying
2022-06-22 13:07:54,74,Veylan Earthstrider,Warrior,Orc,263,Dragon Slayers,Exploration
2021-08-01 18:05:24,197,Illinor Silvermoon,Warrior,Naga,91,Circle of Druids,Crafting
2022-06-16 04:00:29,243,Elanor Sunshield,Summoner,Naga,130,The Silent Footsteps,Mage Training
2023-08-04 12:56:25,55,Morwyn Warclaw,Warrior,Undead,264,Mercenaries of Fortune,Knowledge
2021-02-04 07:30:10,113,Oberion Stoneshield,Healer,Orc,5,Heroes of Harmony,Trading
2021-10-18 13:27:07,29,Zyralor Ironthorn,Warrior,Human,141,Frostbite Clan,Crafting
2022-08-24 01:47:23,63,Oromis Snowfall,Summoner,Human,5,Heroes of Harmony,Trading
2021-12-25 21:40:58,147,Valyndra Earthshaker,Summoner,Orc,272,Moonlit Mystics,Mage Training
2021-12-22 14:19:47,240,Valyndra Earthstrider,Mage,Human,274,Gold Brokers,PvP
2022-12-13 11:56:56,52,Morwyn Duskheart,Warrior,Human,85,Abyss Watchers,Exploration
2021-09-08 21:11:21,193,Orik Earthshaker,Rogue,Undead,29,Heavenly Healers,Questing
2022-08-04 01:27:16,138,Raelis Bloodfang,Archer,Human,141,Frostbite Clan,Crafting
2022-11-18 03:12:50,253,Aryndis Mistmantle,Mage,Elf,244,Mind Over Matter,PvP
2022-08-06 01:47:48,40,Zyralor Starshield,Rogue,Human,258,Prophets of Doom,Knowledge
2023-01-22 06:57:39,195,Saphyra Moonshard,Warrior,Orc,290,The Righteous,Exploration
2023-09-12 03:34:34,87,Grundor Ironthorn,Archer,Dwarf,47,Dragon Slayers,Exploration
2021-05-27 07:20:37,173,Faelthorn Brightscale,Warrior,Dwarf,270,The Undying,Questing
2022-10-07 02:29:49,52,Morwyn Duskheart,Warrior,Human,184,The Undying,Knowledge
2023-07-26 10:10:28,156,Aryndis Moonshard,Warrior,Human,248,Emerald Enchanters,PvP
2021-06-18 23:54:11,218,Nymriel Whitewolf,Archer,Undead,56,Artisans of Alchemy,Exploration
2022-05-08 02:57:38,237,Lyrielle Dreadbane,Mage,Human,259,Spirit Guardians,Questing
2021-08-13 17:36:23,192,Grundor Steelstrike,Warrior,Elf,265,The Wanderers,Exploration
2023-04-04 12:28:55,160,Orin Shadowheart,Rogue,Dwarf,280,Prophets of Doom,Exploration
2021-10-13 17:46:09,258,Raelan Leafwhisper,Rogue,Elf,202,Thieves of Time,Questing
2021-10-29 17:42:54,66,Lunarion Steelstrike,Healer,Human,1,The Wanderers,Questing
2021-12-04 20:00:54,256,Solandria Stormblade,Summoner,Dwarf,117,Archmage Assembly,Exploration
2021-03-27 09:03:34,87,Grundor Ironthorn,Archer,Dwarf,37,Thieves of Time,Trading
2021-12-28 00:57:16,80,Zaela Dragonfang,Archer,Naga,270,The Undying,Questing
2022-07-18 04:05:52,166,Keldra Moonshard,Warrior,Undead,283,Silver Lances,Trading
2022-10-09 11:02:24,166,Keldra Moonshard,Warrior,Undead,301,Prophets of Doom,Questing
2023-03-21 05:52:15,156,Aryndis Moonshard,Warrior,Human,247,Heralds of Hope,PvP
2023-05-30 04:44:54,200,Selendis Swiftblade,Rogue,Orc,206,The Undying,PvP
2022-05-30 04:03:50,32,Qelthar Iceshard,Mage,Dwarf,8,Hands of Fate,Questing
2022-10-13 02:43:33,40,Zyralor Starshield,Rogue,Human,17,Merchant Princes,Trading
2023-09-07 16:06:54,181,Lunarion Darkbane,Rogue,Dwarf,237,Sun Warriors,Healing
2021-10-02 01:06:09,197,Illinor Silvermoon,Warrior,Naga,231,Guardians of Light,Mage Training
2022-09-23 02:26:22,40,Zyralor Starshield,Rogue,Human,237,Sun Warriors,Healing
2021-05-25 21:34:12,156,Aryndis Moonshard,Warrior,Human,85,Abyss Watchers,Exploration
2021-08-08 12:29:45,22,Gilean Oakheart,Archer,Dwarf,274,Gold Brokers,PvP
2022-03-29 02:04:23,4,Laelor Nightshade,Warrior,Naga,237,Sun Warriors,Healing
2021-09-15 16:48:59,195,Saphyra Moonshard,Warrior,Orc,244,Mind Over Matter,PvP
2021-03-31 14:34:26,160,Orin Shadowheart,Rogue,Dwarf,261,Prophets of Doom,Spying
2021-12-29 01:14:00,200,Selendis Swiftblade,Rogue,Orc,25,Guardians of Light,Trading
2022-05-04 03:49:25,102,Quorlinn Moonshard,Mage,Orc,46,Hands of Fate,Knowledge
2022-01-18 13:51:39,138,Raelis Bloodfang,Archer,Human,88,Circle of Druids,PvP
2021-10-10 13:18:16,20,Zaela Shadowgale,Archer,Dwarf,17,Merchant Princes,Trading
2021-06-13 09:45:13,181,Lunarion Darkbane,Rogue,Dwarf,67,Emerald Enchanters,Healing
2023-09-12 05:38:12,255,Xyphera Leafwhisper,Mage,Orc,228,Thieves of Time,Mage Training
2022-08-15 03:46:02,268,Xyphera Firetalon,Archer,Human,158,Heralds of Hope,Knowledge
2023-09-12 06:52:25,115,Endora Dragonfang,Warrior,Dwarf,212,Archmage Assembly,Questing
2023-01-04 12:49:46,98,Zephyra Deathbringer,Summoner,Human,215,Thieves of Time,Spying
2022-08-07 02:36:19,210,Xyra Firetalon,Rogue,Human,203,Wizards of the Coast,Trading
2021-02-14 02:01:24,144,Jadefang Fellseeker,Mage,Undead,259,Spirit Guardians,Questing
2023-03-15 07:05:07,80,Zaela Dragonfang,Archer,Naga,8,Hands of Fate,Questing
2023-06-03 05:49:37,96,Oromis Nightshade,Mage,Naga,151,The Forsaken,Mage Training
2023-02-05 13:50:11,76,Daelis Shadowgale,Warrior,Orc,184,The Undying,Knowledge
2021-11-15 08:48:02,10,Thaelis Starshield,Healer,Elf,124,Mercenaries of Fortune,PvP
2023-03-11 17:12:56,87,Grundor Ironthorn,Archer,Dwarf,22,Artisans of Alchemy,Questing
2021-04-21 10:11:25,52,Morwyn Duskheart,Warrior,Human,9,Elemental Lords,Questing
2023-05-17 18:12:21,66,Lunarion Steelstrike,Healer,Human,277,The Righteous,PvP
2023-01-12 08:22:42,143,Thorgath Ashenveil,Warrior,Orc,43,Mind Over Matter,Questing
2021-11-22 17:15:10,248,Thundara Skullcrusher,Healer,Dwarf,297,Mercenaries of Fortune,PvP
2023-05-28 20:19:09,140,Solandria Grimspine,Summoner,Elf,288,Heralds of Hope,PvP
2022-09-09 03:52:11,144,Jadefang Fellseeker,Mage,Undead,167,The Righteous,Questing
2022-07-10 02:54:45,176,Faenar Earthshaker,Summoner,Dwarf,177,The Undying,Spying
2022-12-11 15:09:35,119,Saphyra Deathbringer,Rogue,Human,262,Hands of Fate,Healing
2023-07-22 04:39:27,127,Xirelle Darkfall,Rogue,Naga,90,Defenders of Destiny,Mage Training
2023-08-31 17:45:43,63,Oromis Snowfall,Summoner,Human,206,The Undying,PvP
2023-01-05 20:33:45,262,Selendis Starshield,Archer,Dwarf,206,The Undying,PvP
2021-10-13 02:13:10,90,Endora Darkfall,Mage,Dwarf,16,The Righteous,Questing
2022-05-12 02:27:51,150,Aerendir Stoneshield,Rogue,Human,234,Moonlit Mystics,Crafting
2023-03-03 01:30:35,100,Zephyrix Firethorn,Healer,Elf,8,Hands of Fate,Questing
2023-06-19 13:09:58,110,Azalor Shadowheart,Summoner,Elf,14,The Forsaken,Crafting
2021-08-08 16:41:35,66,Lunarion Steelstrike,Healer,Human,256,Dusk to Dawn,PvP
2021-11-01 22:05:17,48,Orik Stormstrike,Summoner,Elf,56,Artisans of Alchemy,Exploration
2021-09-08 06:44:49,55,Morwyn Warclaw,Warrior,Undead,280,Prophets of Doom,Exploration
2022-04-04 16:50:03,74,Veylan Earthstrider,Warrior,Orc,46,Hands of Fate,Knowledge
2022-12-07 03:58:48,130,Lythor Bearclaw,Archer,Elf,78,Prophets of Doom,Exploration
2022-01-06 08:01:07,119,Saphyra Deathbringer,Rogue,Human,151,The Forsaken,Mage Training
2022-05-08 22:14:53,268,Xyphera Firetalon,Archer,Human,151,The Forsaken,Mage Training
2021-09-30 23:11:18,278,Elanor Earthshaker,Mage,Dwarf,81,Dragon Slayers,Questing
2021-08-24 03:39:21,29,Zyralor Ironthorn,Warrior,Human,288,Heralds of Hope,PvP
2023-08-01 14:31:10,223,Ulfrik Fellseeker,Rogue,Human,300,Heavenly Healers,Exploration
2021-06-22 02:39:12,22,Gilean Oakheart,Archer,Dwarf,53,Knights of Valor,Questing
2021-01-23 19:38:46,134,Aryndis Nightshade,Mage,Orc,70,Shadow Society,Crafting
2021-11-03 04:59:47,166,Keldra Moonshard,Warrior,Undead,8,Hands of Fate,Questing
2021-02-25 02:04:06,15,Thaelen Glowspark,Mage,Undead,151,The Forsaken,Mage Training
2021-05-08 16:02:06,76,Daelis Shadowgale,Warrior,Orc,225,Hands of Fate,Mage Training
2023-05-10 18:38:01,176,Faenar Earthshaker,Summoner,Dwarf,301,Prophets of Doom,Questing
2022-12-09 02:57:45,80,Zaela Dragonfang,Archer,Naga,10,Mind Over Matter,Crafting
2022-09-23 09:41:20,244,Quorlinn Ironsong,Rogue,Undead,177,The Undying,Spying
2022-05-24 12:35:56,222,Valeria Stormblade,Archer,Naga,307,Gold Brokers,Knowledge
2022-04-28 13:36:28,32,Qelthar Iceshard,Mage,Dwarf,83,Hands of Fate,Crafting
2022-05-10 14:41:04,128,Gorgrim Fellseeker,Rogue,Undead,138,Mind Over Matter,Trading
2023-03-07 07:14:28,184,Illinor Thunderclap,Summoner,Naga,195,Defenders of Destiny,Mage Training
2021-04-03 14:45:36,40,Zyralor Starshield,Rogue,Human,233,Archmage Assembly,Crafting
2022-04-02 15:30:15,244,Quorlinn Ironsong,Rogue,Undead,104,Emerald Enchanters,Knowledge
2021-12-18 14:56:33,278,Elanor Earthshaker,Mage,Dwarf,117,Archmage Assembly,Exploration
2021-03-10 08:00:22,252,Raelthorn Shadowgale,Mage,Dwarf,202,Thieves of Time,Questing
2021-06-29 06:42:18,210,Xyra Firetalon,Rogue,Human,256,Dusk to Dawn,PvP
2022-06-11 13:00:53,209,Kyrion Lightbringer,Rogue,Human,117,Archmage Assembly,Exploration
2022-04-26 17:32:18,140,Solandria Grimspine,Summoner,Elf,167,The Righteous,Questing
2022-07-02 07:48:38,215,Saphyra Skullcrusher,Rogue,Naga,283,Silver Lances,Trading
2021-04-06 12:21:35,222,Valeria Stormblade,Archer,Naga,189,Council of Elders,Mage Training
2023-03-24 02:14:52,215,Saphyra Skullcrusher,Rogue,Naga,9,Elemental Lords,Questing
2023-08-16 00:33:42,138,Raelis Bloodfang,Archer,Human,217,Emerald Enchanters,Questing
2021-09-23 20:28:07,49,Elandria Shadowflame,Rogue,Orc,270,The Undying,Questing
2021-10-16 09:23:59,56,Aryndis Whitewolf,Warrior,Elf,248,Emerald Enchanters,PvP
2021-10-11 15:23:46,56,Aryndis Whitewolf,Warrior,Elf,122,The Undying,Healing
2023-06-29 11:30:11,55,Morwyn Warclaw,Warrior,Undead,201,Knights of Valor,Healing
2021-08-30 16:10:31,241,Delgath Ravenclaw,Warrior,Dwarf,231,Guardians of Light,Mage Training
2022-08-17 04:36:25,7,Raelan Frostbite,Archer,Dwarf,290,The Righteous,Exploration
2021-04-21 18:04:46,201,Thorgal Shadowgale,Summoner,Undead,4,Heavenly Healers,Crafting
2022-09-16 02:20:53,135,Xyra Whitewolf,Mage,Human,38,Council of Elders,PvP
2023-04-28 12:12:46,113,Oberion Stoneshield,Healer,Orc,114,Starborn Seekers,Spying
2021-10-15 16:06:22,134,Aryndis Nightshade,Mage,Orc,261,Prophets of Doom,Spying
2022-11-14 17:56:43,246,Runorin Darkveil,Summoner,Orc,110,Mind Over Matter,Exploration
2023-01-21 21:52:36,128,Gorgrim Fellseeker,Rogue,Undead,43,Mind Over Matter,Questing
2022-12-20 12:36:20,134,Aryndis Nightshade,Mage,Orc,225,Hands of Fate,Mage Training
2021-09-14 19:02:00,100,Zephyrix Firethorn,Healer,Elf,200,Storm Riders,Exploration
2023-03-22 01:37:28,144,Jadefang Fellseeker,Mage,Undead,65,The Silent Footsteps,PvP
2022-04-12 18:18:06,54,Lythra Flamestrike,Healer,Elf,83,Hands of Fate,Crafting
2021-02-11 11:32:06,85,Veyla Frostclaw,Archer,Undead,60,Elixir Masters,Healing
2022-08-30 11:41:56,113,Oberion Stoneshield,Healer,Orc,93,Heart of Courage,Crafting
2021-09-19 08:17:57,256,Solandria Stormblade,Summoner,Dwarf,109,Moonlit Mystics,Questing
2021-10-18 07:17:08,96,Oromis Nightshade,Mage,Naga,124,Mercenaries of Fortune,PvP
2021-02-23 16:46:18,140,Solandria Grimspine,Summoner,Elf,134,Spirit Guardians,Crafting
2021-11-01 04:45:03,55,Morwyn Warclaw,Warrior,Undead,101,The Forsaken,Questing
2021-12-22 09:03:45,252,Raelthorn Shadowgale,Mage,Dwarf,178,Knights of Valor,Questing
2021-07-08 21:45:35,97,Lyrielle Frostclaw,Mage,Undead,56,Artisans of Alchemy,Exploration
2021-12-02 02:51:25,7,Raelan Frostbite,Archer,Dwarf,37,Thieves of Time,Trading
2021-12-18 22:10:11,33,Zyraziel Swiftblade,Healer,Orc,122,The Undying,Healing
2022-06-12 04:41:15,35,Drakan Seaspray,Summoner,Elf,296,Crypt Crawlers,Exploration
2022-12-02 09:27:31,2,Serafelle Earthward,Mage,Dwarf,56,Artisans of Alchemy,Exploration
2022-08-29 04:12:02,156,Aryndis Moonshard,Warrior,Human,248,Emerald Enchanters,PvP
2022-02-06 09:43:39,269,Goromir Shadowheart,Healer,Dwarf,285,Defenders of Destiny,Exploration
2021-04-28 03:26:20,122,Aerendir Earthstrider,Rogue,Elf,13,Heart of Courage,Crafting
2022-03-14 07:53:43,27,Xyra Steelstrike,Mage,Human,256,Dusk to Dawn,PvP
2023-07-15 00:58:58,49,Elandria Shadowflame,Rogue,Orc,198,Seekers of Truth,Trading
2021-05-25 13:06:57,223,Ulfrik Fellseeker,Rogue,Human,249,Emerald Enchanters,Mage Training
2021-12-09 03:34:30,122,Aerendir Earthstrider,Rogue,Elf,78,Prophets of Doom,Exploration
2022-07-19 03:11:38,230,Oromis Darkbane,Warrior,Naga,297,Mercenaries of Fortune,PvP
2022-12-23 06:16:40,79,Veyla Sunspire,Archer,Human,189,Council of Elders,Mage Training
2022-04-06 09:43:59,192,Grundor Steelstrike,Warrior,Elf,16,The Righteous,Questing
2023-02-08 09:36:48,2,Serafelle Earthward,Mage,Dwarf,256,Dusk to Dawn,PvP
2021-08-01 09:45:13,258,Raelan Leafwhisper,Rogue,Elf,163,The Silent Footsteps,Trading
2021-10-13 02:21:27,178,Zephyra Snowfall,Mage,Undead,167,The Righteous,Questing
2023-08-06 00:17:09,20,Zaela Shadowgale,Archer,Dwarf,93,Heart of Courage,Crafting
2022-01-25 16:36:46,213,Veylan Seaspray,Warrior,Dwarf,122,The Undying,Healing
2021-07-26 22:47:13,184,Illinor Thunderclap,Summoner,Naga,304,Desert Nomads,PvP
2021-10-09 22:55:25,237,Lyrielle Dreadbane,Mage,Human,66,The Righteous,Exploration
2022-09-19 07:16:29,49,Elandria Shadowflame,Rogue,Orc,43,Mind Over Matter,Questing
2022-05-12 14:26:55,140,Solandria Grimspine,Summoner,Elf,138,Mind Over Matter,Trading
2023-03-30 00:21:26,138,Raelis Bloodfang,Archer,Human,62,Elemental Lords,Questing
2022-06-24 08:28:40,125,Azalor Shadowgale,Healer,Undead,201,Knights of Valor,Healing
2022-10-30 10:17:26,59,Zaela Shadowheart,Mage,Undead,64,Mind Over Matter,Trading
2021-09-03 11:53:06,144,Jadefang Fellseeker,Mage,Undead,161,Storm Riders,Trading
2023-04-16 04:33:48,97,Lyrielle Frostclaw,Mage,Undead,228,Thieves of Time,Mage Training
2022-06-01 15:34:53,1,Ulfrik Skyshard,Mage,Elf,265,The Wanderers,Exploration
2022-12-07 10:21:48,119,Saphyra Deathbringer,Rogue,Human,66,The Righteous,Exploration
2023-04-29 22:30:46,90,Endora Darkfall,Mage,Dwarf,249,Emerald Enchanters,Mage Training
2023-03-25 14:20:56,192,Grundor Steelstrike,Warrior,Elf,93,Heart of Courage,Crafting
2022-05-26 13:50:38,197,Illinor Silvermoon,Warrior,Naga,40,Mind Over Matter,Mage Training
2021-05-15 06:49:53,223,Ulfrik Fellseeker,Rogue,Human,83,Hands of Fate,Crafting
2022-12-23 06:59:22,85,Veyla Frostclaw,Archer,Undead,134,Spirit Guardians,Crafting
2022-01-27 22:14:49,4,Laelor Nightshade,Warrior,Naga,65,The Silent Footsteps,PvP
2023-07-22 03:42:42,76,Daelis Shadowgale,Warrior,Orc,201,Knights of Valor,Healing
2022-08-25 05:49:53,233,Selendis Fellseeker,Archer,Naga,297,Mercenaries of Fortune,PvP
2022-12-01 19:46:26,216,Valdrick Frostclaw,Rogue,Human,76,Mind Over Matter,Questing
2023-03-07 18:15:48,200,Selendis Swiftblade,Rogue,Orc,104,Emerald Enchanters,Knowledge
2021-02-25 09:37:47,66,Lunarion Steelstrike,Healer,Human,296,Crypt Crawlers,Exploration
2021-08-04 17:44:47,54,Lythra Flamestrike,Healer,Elf,30,Seekers of Truth,Exploration
2023-03-04 17:42:14,102,Quorlinn Moonshard,Mage,Orc,202,Thieves of Time,Questing
2021-10-02 12:02:46,187,Thaldor Shadowflame,Mage,Naga,186,Wisdom Weavers,Mage Training
2021-07-11 09:22:44,195,Saphyra Moonshard,Warrior,Orc,193,Archmage Assembly,Knowledge
2021-12-09 18:07:40,122,Aerendir Earthstrider,Rogue,Elf,189,Council of Elders,Mage Training
2021-01-24 20:00:38,156,Aryndis Moonshard,Warrior,Human,64,Mind Over Matter,Trading
2022-03-27 22:09:13,272,Goromir Skullcrusher,Healer,Naga,202,Thieves of Time,Questing
2022-06-22 00:06:58,269,Goromir Shadowheart,Healer,Dwarf,145,Council of Elders,Trading
2022-04-12 07:06:05,26,Thorgal Nightbane,Healer,Elf,234,Moonlit Mystics,Crafting
2022-10-15 13:28:42,88,Ulfrik Ragefang,Warrior,Naga,16,The Righteous,Questing
2022-10-19 07:19:39,102,Quorlinn Moonshard,Mage,Orc,149,Desert Nomads,Trading
2023-01-05 17:04:43,210,Xyra Firetalon,Rogue,Human,143,Abyss Watchers,Questing
2022-11-14 01:18:26,158,Elandria Firethorn,Archer,Human,1,The Wanderers,Questing
2022-12-12 15:39:18,256,Solandria Stormblade,Summoner,Dwarf,239,Spirit Guardians,Questing
2021-09-10 03:16:59,213,Veylan Seaspray,Warrior,Dwarf,40,Mind Over Matter,Mage Training
2021-08-27 23:19:19,256,Solandria Stormblade,Summoner,Dwarf,148,Heralds of Hope,Crafting
2022-01-11 02:33:03,225,Morwyn Darkveil,Summoner,Dwarf,219,Guardians of Light,Crafting
2021-12-04 04:09:56,199,Belthorn Cragjaw,Warrior,Human,8,Hands of Fate,Questing
2023-05-16 05:40:10,258,Raelan Leafwhisper,Rogue,Elf,25,Guardians of Light,Trading
2021-10-27 19:05:57,163,Saphyra Bloodfang,Mage,Elf,38,Council of Elders,PvP
2023-05-20 09:03:45,15,Thaelen Glowspark,Mage,Undead,222,Sun Warriors,Crafting
2022-03-30 06:08:17,218,Nymriel Whitewolf,Archer,Undead,195,Defenders of Destiny,Mage Training
2021-08-11 03:59:56,190,Thorgrim Stoneforge,Rogue,Undead,56,Artisans of Alchemy,Exploration
2021-12-23 23:33:04,220,Elidora Grimspine,Healer,Undead,60,Elixir Masters,Healing
2021-04-22 13:26:38,82,Aryndis Skyfury,Rogue,Undead,137,Defenders of Destiny,Trading
2023-04-05 22:00:56,228,Selendis Ravenclaw,Rogue,Naga,64,Mind Over Matter,Trading
2022-05-31 03:23:10,213,Veylan Seaspray,Warrior,Dwarf,277,The Righteous,PvP
2022-07-20 04:36:06,29,Zyralor Ironthorn,Warrior,Human,163,The Silent Footsteps,Trading
2022-05-01 07:14:35,259,Thorgrim Dreadbane,Rogue,Naga,243,Artisans of Alchemy,Healing
2023-04-21 23:15:25,74,Veylan Earthstrider,Warrior,Orc,264,Mercenaries of Fortune,Knowledge
2022-02-01 02:41:16,222,Valeria Stormblade,Archer,Naga,110,Mind Over Matter,Exploration
2022-03-28 11:27:36,176,Faenar Earthshaker,Summoner,Dwarf,109,Moonlit Mystics,Questing
2022-12-07 14:04:14,259,Thorgrim Dreadbane,Rogue,Naga,272,Moonlit Mystics,Mage Training
2023-01-17 00:53:49,119,Saphyra Deathbringer,Rogue,Human,262,Hands of Fate,Healing
2022-03-27 10:56:22,59,Zaela Shadowheart,Mage,Undead,194,Dragon Slayers,Knowledge
2022-12-17 15:57:22,115,Endora Dragonfang,Warrior,Dwarf,40,Mind Over Matter,Mage Training
2023-02-05 11:25:47,14,Valeria Cragjaw,Healer,Dwarf,247,Heralds of Hope,PvP
2021-09-01 23:20:19,32,Qelthar Iceshard,Mage,Dwarf,83,Hands of Fate,Crafting
2021-12-07 20:24:55,46,Ashara Frostbane,Warrior,Naga,301,Prophets of Doom,Questing
2022-03-07 17:21:27,265,Illinor Thundersong,Archer,Naga,241,The Wanderers,Crafting
2021-10-03 06:10:41,241,Delgath Ravenclaw,Warrior,Dwarf,248,Emerald Enchanters,PvP
2023-07-29 17:48:22,240,Valyndra Earthstrider,Mage,Human,262,Hands of Fate,Healing
2023-09-08 21:39:15,236,Serafelle Flamestrike,Archer,Dwarf,265,The Wanderers,Exploration
2022-09-25 22:38:05,258,Raelan Leafwhisper,Rogue,Elf,189,Council of Elders,Mage Training
2022-10-31 22:06:13,35,Drakan Seaspray,Summoner,Elf,5,Heroes of Harmony,Trading
2023-04-29 21:17:54,59,Zaela Shadowheart,Mage,Undead,180,Shadow Society,Trading
2021-11-26 19:01:26,29,Zyralor Ironthorn,Warrior,Human,149,Desert Nomads,Trading
2023-03-05 21:56:36,258,Raelan Leafwhisper,Rogue,Elf,49,Hands of Fate,Questing
2021-04-05 01:03:50,81,Endora Firethorn,Warrior,Elf,154,The Undying,Mage Training
2021-06-08 07:10:22,239,Runorin Brightscale,Summoner,Human,198,Seekers of Truth,Trading
2022-12-15 13:37:40,223,Ulfrik Fellseeker,Rogue,Human,50,Desert Nomads,Knowledge
2023-02-19 01:44:09,132,Thera Dragonfang,Rogue,Orc,151,The Forsaken,Mage Training
2022-11-02 23:36:42,26,Thorgal Nightbane,Healer,Elf,47,Dragon Slayers,Exploration
2023-09-05 18:40:59,230,Oromis Darkbane,Warrior,Naga,244,Mind Over Matter,PvP
2021-06-28 20:41:54,225,Morwyn Darkveil,Summoner,Dwarf,34,Prophets of Doom,PvP
2022-05-19 11:41:27,81,Endora Firethorn,Warrior,Elf,73,Thieves of Time,PvP
2021-07-26 17:50:17,63,Oromis Snowfall,Summoner,Human,296,Crypt Crawlers,Exploration
2023-08-29 15:01:21,241,Delgath Ravenclaw,Warrior,Dwarf,265,The Wanderers,Exploration
2022-01-16 07:25:02,197,Illinor Silvermoon,Warrior,Naga,110,Mind Over Matter,Exploration
2022-03-27 21:25:03,97,Lyrielle Frostclaw,Mage,Undead,162,Silver Lances,Knowledge
2022-05-29 12:37:56,63,Oromis Snowfall,Summoner,Human,228,Thieves of Time,Mage Training
2022-09-04 20:16:08,258,Raelan Leafwhisper,Rogue,Elf,73,Thieves of Time,PvP
2022-06-22 09:08:13,32,Qelthar Iceshard,Mage,Dwarf,43,Mind Over Matter,Questing
2021-08-19 10:59:23,144,Jadefang Fellseeker,Mage,Undead,78,Prophets of Doom,Exploration
2022-03-06 09:28:19,97,Lyrielle Frostclaw,Mage,Undead,262,Hands of Fate,Healing
2023-02-20 02:27:18,186,Raelis Ravenclaw,Summoner,Dwarf,234,Moonlit Mystics,Crafting
2021-02-01 03:28:15,65,Azalor Thundersong,Rogue,Elf,104,Emerald Enchanters,Knowledge
2021-10-25 14:00:36,163,Saphyra Bloodfang,Mage,Elf,49,Hands of Fate,Questing
2022-07-27 20:39:41,240,Valyndra Earthstrider,Mage,Human,117,Archmage Assembly,Exploration
2021-09-21 15:59:07,201,Thorgal Shadowgale,Summoner,Undead,277,The Righteous,PvP
2021-08-06 07:15:54,69,Valyndra Bloodfang,Rogue,Human,249,Emerald Enchanters,Mage Training
2023-02-26 11:07:48,102,Quorlinn Moonshard,Mage,Orc,4,Heavenly Healers,Crafting
2023-06-16 09:51:22,237,Lyrielle Dreadbane,Mage,Human,200,Storm Riders,Exploration
2022-12-18 04:21:18,220,Elidora Grimspine,Healer,Undead,90,Defenders of Destiny,Mage Training
2022-02-25 12:57:48,190,Thorgrim Stoneforge,Rogue,Undead,154,The Undying,Mage Training
2021-06-03 06:00:14,158,Elandria Firethorn,Archer,Human,174,Seekers of Truth,Mage Training
2021-07-06 15:46:29,49,Elandria Shadowflame,Rogue,Orc,149,Desert Nomads,Trading
2022-05-02 10:54:19,226,Keldra Ravenclaw,Rogue,Human,107,Spirit Guardians,Questing
2022-03-28 04:41:48,122,Aerendir Earthstrider,Rogue,Elf,212,Archmage Assembly,Questing
2022-03-20 00:01:06,272,Goromir Skullcrusher,Healer,Naga,114,Starborn Seekers,Spying
2022-05-02 02:23:21,135,Xyra Whitewolf,Mage,Human,171,Storm Riders,Mage Training
2022-09-02 12:00:39,132,Thera Dragonfang,Rogue,Orc,4,Heavenly Healers,Crafting
2022-12-14 10:54:07,252,Raelthorn Shadowgale,Mage,Dwarf,90,Defenders of Destiny,Mage Training
2022-05-26 09:48:42,265,Illinor Thundersong,Archer,Naga,252,Starborn Seekers,PvP
2022-10-23 14:43:59,48,Orik Stormstrike,Summoner,Elf,88,Circle of Druids,PvP
2021-08-11 01:06:59,80,Zaela Dragonfang,Archer,Naga,8,Hands of Fate,Questing
2022-10-03 12:40:38,82,Aryndis Skyfury,Rogue,Undead,177,The Undying,Spying
2023-02-24 02:29:19,66,Lunarion Steelstrike,Healer,Human,5,Heroes of Harmony,Trading
2023-01-20 21:46:43,204,Aryndis Leafwhisper,Mage,Elf,114,Starborn Seekers,Spying
2022-01-09 11:19:32,176,Faenar Earthshaker,Summoner,Dwarf,178,Knights of Valor,Questing
2021-09-09 02:32:17,220,Elidora Grimspine,Healer,Undead,109,Moonlit Mystics,Questing
2022-07-21 11:43:07,74,Veylan Earthstrider,Warrior,Orc,109,Moonlit Mystics,Questing
2021-02-07 09:43:10,269,Goromir Shadowheart,Healer,Dwarf,145,Council of Elders,Trading
2022-02-08 23:45:36,187,Thaldor Shadowflame,Mage,Naga,171,Storm Riders,Mage Training
2022-04-10 08:32:12,195,Saphyra Moonshard,Warrior,Orc,301,Prophets of Doom,Questing
2021-04-21 18:25:30,116,Delgath Earthstrider,Warrior,Undead,274,Gold Brokers,PvP
2022-08-07 05:42:02,215,Saphyra Skullcrusher,Rogue,Naga,217,Emerald Enchanters,Questing
2021-05-29 09:39:31,236,Serafelle Flamestrike,Archer,Dwarf,200,Storm Riders,Exploration
2021-08-22 08:14:24,198,Elandria Deathbringer,Archer,Human,203,Wizards of the Coast,Trading
2023-06-03 23:35:50,10,Thaelis Starshield,Healer,Elf,252,Starborn Seekers,PvP
2021-10-08 02:09:02,82,Aryndis Skyfury,Rogue,Undead,161,Storm Riders,Trading
2022-07-18 05:57:27,246,Runorin Darkveil,Summoner,Orc,14,The Forsaken,Crafting
2022-05-02 17:15:15,256,Solandria Stormblade,Summoner,Dwarf,280,Prophets of Doom,Exploration
2022-06-26 16:47:57,195,Saphyra Moonshard,Warrior,Orc,5,Heroes of Harmony,Trading
2023-05-16 07:57:18,119,Saphyra Deathbringer,Rogue,Human,117,Archmage Assembly,Exploration
2023-01-30 07:17:58,195,Saphyra Moonshard,Warrior,Orc,10,Mind Over Matter,Crafting
2023-01-31 10:10:18,10,Thaelis Starshield,Healer,Elf,9,Elemental Lords,Questing
2023-01-09 06:53:51,243,Elanor Sunshield,Summoner,Naga,239,Spirit Guardians,Questing
2022-07-03 12:23:56,163,Saphyra Bloodfang,Mage,Elf,184,The Undying,Knowledge
2021-01-24 12:04:26,226,Keldra Ravenclaw,Rogue,Human,131,Hands of Fate,Trading
2023-01-23 06:07:22,59,Zaela Shadowheart,Mage,Undead,9,Elemental Lords,Questing
2023-07-24 22:04:23,243,Elanor Sunshield,Summoner,Naga,25,Guardians of Light,Trading
2022-03-08 06:07:21,226,Keldra Ravenclaw,Rogue,Human,32,Guardians of Light,Healing
2023-07-05 12:03:28,33,Zyraziel Swiftblade,Healer,Orc,85,Abyss Watchers,Exploration
2022-10-12 02:40:14,46,Ashara Frostbane,Warrior,Naga,274,Gold Brokers,PvP
2021-02-11 00:08:33,272,Goromir Skullcrusher,Healer,Naga,138,Mind Over Matter,Trading
2023-03-05 19:50:33,90,Endora Darkfall,Mage,Dwarf,262,Hands of Fate,Healing
2021-02-25 00:14:27,128,Gorgrim Fellseeker,Rogue,Undead,301,Prophets of Doom,Questing
2022-06-18 16:39:46,258,Raelan Leafwhisper,Rogue,Elf,231,Guardians of Light,Mage Training
2021-09-27 17:08:22,198,Elandria Deathbringer,Archer,Human,141,Frostbite Clan,Crafting
2023-08-01 04:05:46,186,Raelis Ravenclaw,Summoner,Dwarf,225,Hands of Fate,Mage Training
2022-06-23 20:11:07,102,Quorlinn Moonshard,Mage,Orc,29,Heavenly Healers,Questing
2021-08-29 20:44:34,100,Zephyrix Firethorn,Healer,Elf,53,Knights of Valor,Questing
2022-08-28 12:15:58,128,Gorgrim Fellseeker,Rogue,Undead,201,Knights of Valor,Healing
2023-06-22 02:45:09,248,Thundara Skullcrusher,Healer,Dwarf,83,Hands of Fate,Crafting
2022-11-07 11:16:02,102,Quorlinn Moonshard,Mage,Orc,243,Artisans of Alchemy,Healing
2022-05-16 17:19:45,178,Zephyra Snowfall,Mage,Undead,110,Mind Over Matter,Exploration
2022-08-29 19:33:36,259,Thorgrim Dreadbane,Rogue,Naga,149,Desert Nomads,Trading
2023-07-25 00:25:25,76,Daelis Shadowgale,Warrior,Orc,231,Guardians of Light,Mage Training
2022-05-10 10:39:07,200,Selendis Swiftblade,Rogue,Orc,28,Emerald Enchanters,Exploration
2021-02-24 22:28:20,173,Faelthorn Brightscale,Warrior,Dwarf,249,Emerald Enchanters,Mage Training
2022-12-09 10:03:40,135,Xyra Whitewolf,Mage,Human,16,The Righteous,Questing
2022-08-19 22:02:03,255,Xyphera Leafwhisper,Mage,Orc,256,Dusk to Dawn,PvP
2022-04-14 01:36:27,25,Orin Earthstrider,Rogue,Human,178,Knights of Valor,Questing
2021-12-28 05:34:58,169,Daelis Dragonfang,Healer,Dwarf,219,Guardians of Light,Crafting
2023-09-06 15:20:16,59,Zaela Shadowheart,Mage,Undead,105,Desert Nomads,Crafting
2022-11-12 11:39:12,163,Saphyra Bloodfang,Mage,Elf,67,Emerald Enchanters,Healing
2023-08-27 08:38:50,193,Orik Earthshaker,Rogue,Undead,180,Shadow Society,Trading
2022-06-13 08:08:58,156,Aryndis Moonshard,Warrior,Human,19,Crypt Crawlers,Trading
2023-03-14 23:30:31,79,Veyla Sunspire,Archer,Human,249,Emerald Enchanters,Mage Training
2021-02-02 18:05:47,255,Xyphera Leafwhisper,Mage,Orc,234,Moonlit Mystics,Crafting
2022-11-18 17:10:54,197,Illinor Silvermoon,Warrior,Naga,277,The Righteous,PvP
2023-05-08 17:18:33,110,Azalor Shadowheart,Summoner,Elf,244,Mind Over Matter,PvP
2022-05-29 18:19:07,79,Veyla Sunspire,Archer,Human,149,Desert Nomads,Trading
2021-12-31 09:20:03,222,Valeria Stormblade,Archer,Naga,95,Wisdom Weavers,Crafting
2021-05-25 11:04:24,199,Belthorn Cragjaw,Warrior,Human,28,Emerald Enchanters,Exploration
2022-08-08 03:30:33,190,Thorgrim Stoneforge,Rogue,Undead,13,Heart of Courage,Crafting
2021-12-14 07:03:15,14,Valeria Cragjaw,Healer,Dwarf,62,Elemental Lords,Questing
2021-07-19 02:51:54,90,Endora Darkfall,Mage,Dwarf,37,Thieves of Time,Trading
2021-05-15 19:08:11,15,Thaelen Glowspark,Mage,Undead,222,Sun Warriors,Crafting
2023-02-12 12:07:06,243,Elanor Sunshield,Summoner,Naga,65,The Silent Footsteps,PvP
2021-10-02 22:02:56,59,Zaela Shadowheart,Mage,Undead,5,Heroes of Harmony,Trading
2023-04-19 01:48:13,198,Elandria Deathbringer,Archer,Human,203,Wizards of the Coast,Trading
2022-11-21 03:59:02,209,Kyrion Lightbringer,Rogue,Human,38,Council of Elders,PvP
2022-04-05 04:52:08,56,Aryndis Whitewolf,Warrior,Elf,217,Emerald Enchanters,Questing
2022-07-31 15:59:31,218,Nymriel Whitewolf,Archer,Undead,88,Circle of Druids,PvP
2021-01-09 23:08:04,179,Thorgrim Skyshard,Rogue,Naga,43,Mind Over Matter,Questing
2022-03-28 01:26:57,240,Valyndra Earthstrider,Mage,Human,148,Heralds of Hope,Crafting
2022-03-10 00:24:49,43,Thorgath Ravenclaw,Mage,Naga,56,Artisans of Alchemy,Exploration
2021-05-26 16:13:42,200,Selendis Swiftblade,Rogue,Orc,105,Desert Nomads,Crafting
2023-06-11 04:19:32,90,Endora Darkfall,Mage,Dwarf,128,Crypt Crawlers,Knowledge
2022-09-30 19:18:08,250,Belthorn Ashmantle,Warrior,Dwarf,134,Spirit Guardians,Crafting
2023-01-25 17:44:54,135,Xyra Whitewolf,Mage,Human,215,Thieves of Time,Spying
2022-12-26 11:43:04,93,Isolde Runesong,Mage,Elf,307,Gold Brokers,Knowledge
2023-07-17 07:29:22,269,Goromir Shadowheart,Healer,Dwarf,64,Mind Over Matter,Trading
2022-05-07 20:12:49,52,Morwyn Duskheart,Warrior,Human,114,Starborn Seekers,Spying
2021-08-16 14:20:37,207,Aerendir Earthshaker,Archer,Human,63,Defenders of Destiny,Questing
2022-02-02 19:20:16,54,Lythra Flamestrike,Healer,Elf,167,The Righteous,Questing
2023-08-18 20:20:02,130,Lythor Bearclaw,Archer,Elf,177,The Undying,Spying
2023-06-26 12:18:55,233,Selendis Fellseeker,Archer,Naga,249,Emerald Enchanters,Mage Training
2023-09-13 08:57:55,213,Veylan Seaspray,Warrior,Dwarf,104,Emerald Enchanters,Knowledge
2022-09-03 10:51:31,241,Delgath Ravenclaw,Warrior,Dwarf,163,The Silent Footsteps,Trading
2022-04-24 04:28:55,195,Saphyra Moonshard,Warrior,Orc,83,Hands of Fate,Crafting
2023-03-03 06:34:50,52,Morwyn Duskheart,Warrior,Human,105,Desert Nomads,Crafting
2022-01-18 17:10:29,104,Oberion Leafwhisper,Archer,Undead,263,Dragon Slayers,Exploration
2021-07-26 20:09:33,184,Illinor Thunderclap,Summoner,Naga,301,Prophets of Doom,Questing
2022-09-29 16:24:17,166,Keldra Moonshard,Warrior,Undead,249,Emerald Enchanters,Mage Training
2022-05-22 04:22:17,15,Thaelen Glowspark,Mage,Undead,130,The Silent Footsteps,Mage Training
2022-04-30 03:33:14,138,Raelis Bloodfang,Archer,Human,178,Knights of Valor,Questing
2022-06-12 13:57:43,103,Drakan Ironbane,Rogue,Undead,181,Starborn Seekers,PvP
2021-08-12 14:09:31,49,Elandria Shadowflame,Rogue,Orc,222,Sun Warriors,Crafting
2021-11-29 23:00:55,176,Faenar Earthshaker,Summoner,Dwarf,241,The Wanderers,Crafting
2023-01-11 07:58:33,222,Valeria Stormblade,Archer,Naga,40,Mind Over Matter,Mage Training
2022-07-23 15:08:31,186,Raelis Ravenclaw,Summoner,Dwarf,110,Mind Over Matter,Exploration
2023-08-08 09:36:44,127,Xirelle Darkfall,Rogue,Naga,177,The Undying,Spying
2022-10-13 07:32:36,32,Qelthar Iceshard,Mage,Dwarf,290,The Righteous,Exploration
2023-08-25 17:10:09,213,Veylan Seaspray,Warrior,Dwarf,163,The Silent Footsteps,Trading
2021-04-20 14:28:46,15,Thaelen Glowspark,Mage,Undead,285,Defenders of Destiny,Exploration
2023-09-02 16:17:02,160,Orin Shadowheart,Rogue,Dwarf,26,Emerald Enchanters,Trading
2021-10-07 13:15:32,98,Zephyra Deathbringer,Summoner,Human,46,Hands of Fate,Knowledge
2023-03-21 21:15:56,190,Thorgrim Stoneforge,Rogue,Undead,195,Defenders of Destiny,Mage Training
2022-10-15 06:36:59,25,Orin Earthstrider,Rogue,Human,5,Heroes of Harmony,Trading
2021-01-05 00:51:18,251,Selendis Earthshaker,Rogue,Naga,151,The Forsaken,Mage Training
2021-04-05 23:41:11,253,Aryndis Mistmantle,Mage,Elf,268,Artisans of Alchemy,Exploration
2022-02-19 23:48:58,15,Thaelen Glowspark,Mage,Undead,198,Seekers of Truth,Trading
2023-02-25 19:52:24,27,Xyra Steelstrike,Mage,Human,47,Dragon Slayers,Exploration
2022-09-19 13:19:07,116,Delgath Earthstrider,Warrior,Undead,201,Knights of Valor,Healing
2022-09-26 22:50:58,242,Veyla Earthstrider,Warrior,Dwarf,120,The Forsaken,Questing
2022-01-30 01:17:27,82,Aryndis Skyfury,Rogue,Undead,212,Archmage Assembly,Questing
2021-12-01 00:20:52,103,Drakan Ironbane,Rogue,Undead,215,Thieves of Time,Spying
2022-04-15 03:10:24,276,Thorgrim Shadowgale,Archer,Naga,203,Wizards of the Coast,Trading
2023-04-05 02:58:20,7,Raelan Frostbite,Archer,Dwarf,193,Archmage Assembly,Knowledge
2022-10-31 00:51:23,256,Solandria Stormblade,Summoner,Dwarf,10,Mind Over Matter,Crafting
2022-05-18 13:17:16,10,Thaelis Starshield,Healer,Elf,56,Artisans of Alchemy,Exploration
2023-08-10 14:51:05,243,Elanor Sunshield,Summoner,Naga,112,Heavenly Healers,Healing
2022-12-28 12:23:53,204,Aryndis Leafwhisper,Mage,Elf,107,Spirit Guardians,Questing
2022-01-02 10:37:37,63,Oromis Snowfall,Summoner,Human,244,Mind Over Matter,PvP
2023-02-13 02:16:58,98,Zephyra Deathbringer,Summoner,Human,38,Council of Elders,PvP
2022-04-04 22:35:46,35,Drakan Seaspray,Summoner,Elf,128,Crypt Crawlers,Knowledge
2022-10-22 01:50:40,226,Keldra Ravenclaw,Rogue,Human,98,Mind Over Matter,Healing
2023-07-30 13:44:52,213,Veylan Seaspray,Warrior,Dwarf,195,Defenders of Destiny,Mage Training
2022-08-22 08:11:48,29,Zyralor Ironthorn,Warrior,Human,293,Prophets of Doom,Questing
2021-03-28 10:10:00,160,Orin Shadowheart,Rogue,Dwarf,178,Knights of Valor,Questing
2021-03-13 01:25:03,96,Oromis Nightshade,Mage,Naga,233,Archmage Assembly,Crafting
2023-03-09 13:00:33,55,Morwyn Warclaw,Warrior,Undead,195,Defenders of Destiny,Mage Training
2023-07-12 11:40:18,82,Aryndis Skyfury,Rogue,Undead,283,Silver Lances,Trading
2022-09-14 12:18:59,150,Aerendir Stoneshield,Rogue,Human,5,Heroes of Harmony,Trading
2021-11-01 16:56:11,107,Faelthorn Silverbow,Archer,Human,44,The Wanderers,Questing
2022-08-05 15:53:45,166,Keldra Moonshard,Warrior,Undead,124,Mercenaries of Fortune,PvP
2021-01-27 07:38:27,215,Saphyra Skullcrusher,Rogue,Naga,261,Prophets of Doom,Spying
2023-05-15 21:09:15,43,Thorgath Ravenclaw,Mage,Naga,138,Mind Over Matter,Trading
2021-03-20 00:16:56,230,Oromis Darkbane,Warrior,Naga,49,Hands of Fate,Questing
2021-12-25 03:56:45,48,Orik Stormstrike,Summoner,Elf,243,Artisans of Alchemy,Healing
2021-06-21 18:27:16,218,Nymriel Whitewolf,Archer,Undead,76,Mind Over Matter,Questing
2023-06-25 22:55:17,242,Veyla Earthstrider,Warrior,Dwarf,95,Wisdom Weavers,Crafting
2022-08-25 21:36:56,43,Thorgath Ravenclaw,Mage,Naga,272,Moonlit Mystics,Mage Training
2021-04-24 11:43:30,110,Azalor Shadowheart,Summoner,Elf,30,Seekers of Truth,Exploration
2021-12-12 01:18:07,265,Illinor Thundersong,Archer,Naga,109,Moonlit Mystics,Questing
2021-07-16 05:26:47,258,Raelan Leafwhisper,Rogue,Elf,56,Artisans of Alchemy,Exploration
2021-11-05 23:53:42,259,Thorgrim Dreadbane,Rogue,Naga,261,Prophets of Doom,Spying
2021-11-03 12:34:29,97,Lyrielle Frostclaw,Mage,Undead,91,Circle of Druids,Crafting
2021-09-17 01:23:15,56,Aryndis Whitewolf,Warrior,Elf,154,The Undying,Mage Training
2022-01-11 14:29:07,213,Veylan Seaspray,Warrior,Dwarf,47,Dragon Slayers,Exploration
2022-08-28 05:59:23,81,Endora Firethorn,Warrior,Elf,248,Emerald Enchanters,PvP
2021-09-08 03:10:27,55,Morwyn Warclaw,Warrior,Undead,98,Mind Over Matter,Healing
2021-10-28 01:07:33,79,Veyla Sunspire,Archer,Human,22,Artisans of Alchemy,Questing
2021-07-27 02:33:12,241,Delgath Ravenclaw,Warrior,Dwarf,148,Heralds of Hope,Crafting
2022-04-20 14:41:02,204,Aryndis Leafwhisper,Mage,Elf,234,Moonlit Mystics,Crafting
2021-12-16 17:31:24,35,Drakan Seaspray,Summoner,Elf,66,The Righteous,Exploration
2022-06-21 16:15:09,182,Zephyrix Iceshard,Archer,Naga,233,Archmage Assembly,Crafting
2023-05-24 19:19:15,116,Delgath Earthstrider,Warrior,Undead,225,Hands of Fate,Mage Training
2023-06-23 09:15:19,242,Veyla Earthstrider,Warrior,Dwarf,131,Hands of Fate,Trading
2021-06-28 00:11:37,173,Faelthorn Brightscale,Warrior,Dwarf,180,Shadow Society,Trading
2022-07-28 19:42:08,255,Xyphera Leafwhisper,Mage,Orc,90,Defenders of Destiny,Mage Training
2022-02-24 14:55:58,251,Selendis Earthshaker,Rogue,Naga,137,Defenders of Destiny,Trading
2021-05-31 20:19:11,54,Lythra Flamestrike,Healer,Elf,143,Abyss Watchers,Questing
2023-02-25 00:38:06,256,Solandria Stormblade,Summoner,Dwarf,93,Heart of Courage,Crafting
2021-04-18 21:35:30,143,Thorgath Ashenveil,Warrior,Orc,212,Archmage Assembly,Questing
2021-12-15 09:32:40,115,Endora Dragonfang,Warrior,Dwarf,149,Desert Nomads,Trading
2022-06-25 20:17:09,216,Valdrick Frostclaw,Rogue,Human,247,Heralds of Hope,PvP
2021-11-26 10:04:24,225,Morwyn Darkveil,Summoner,Dwarf,165,The Silent Footsteps,Knowledge
2021-12-14 18:31:20,236,Serafelle Flamestrike,Archer,Dwarf,157,Starborn Seekers,Crafting
2022-12-06 04:16:44,236,Serafelle Flamestrike,Archer,Dwarf,252,Starborn Seekers,PvP
2023-05-08 15:15:15,130,Lythor Bearclaw,Archer,Elf,264,Mercenaries of Fortune,Knowledge
2023-07-27 05:38:30,22,Gilean Oakheart,Archer,Dwarf,14,The Forsaken,Crafting
2021-11-18 10:10:37,268,Xyphera Firetalon,Archer,Human,120,The Forsaken,Questing
2021-08-02 09:36:33,155,Veyla Brightscale,Archer,Human,88,Circle of Druids,PvP
2023-05-06 22:35:46,15,Thaelen Glowspark,Mage,Undead,192,Heart of Courage,Spying
2023-04-05 22:16:35,228,Selendis Ravenclaw,Rogue,Naga,63,Defenders of Destiny,Questing
2021-05-10 07:11:14,274,Lyrielle Seaspray,Summoner,Dwarf,248,Emerald Enchanters,PvP
2021-12-21 20:21:30,210,Xyra Firetalon,Rogue,Human,79,Knights of Valor,Spying
2023-02-13 22:42:35,88,Ulfrik Ragefang,Warrior,Naga,134,Spirit Guardians,Crafting
2022-06-21 11:03:12,225,Morwyn Darkveil,Summoner,Dwarf,244,Mind Over Matter,PvP
2021-07-31 19:18:42,27,Xyra Steelstrike,Mage,Human,262,Hands of Fate,Healing
2023-05-09 21:37:19,158,Elandria Firethorn,Archer,Human,4,Heavenly Healers,Crafting
2022-09-12 11:54:23,63,Oromis Snowfall,Summoner,Human,294,Shadow Society,Crafting
2022-04-21 00:51:29,250,Belthorn Ashmantle,Warrior,Dwarf,297,Mercenaries of Fortune,PvP
2021-04-30 07:06:33,246,Runorin Darkveil,Summoner,Orc,26,Emerald Enchanters,Trading
2021-01-20 02:57:28,130,Lythor Bearclaw,Archer,Elf,38,Council of Elders,PvP
2021-10-25 12:21:31,158,Elandria Firethorn,Archer,Human,212,Archmage Assembly,Questing
2023-03-24 03:53:44,85,Veyla Frostclaw,Archer,Undead,200,Storm Riders,Exploration
2022-04-13 23:43:33,31,Faenar Starshield,Healer,Undead,117,Archmage Assembly,Exploration
2022-07-04 06:17:13,116,Delgath Earthstrider,Warrior,Undead,56,Artisans of Alchemy,Exploration
2022-08-31 18:41:11,193,Orik Earthshaker,Rogue,Undead,95,Wisdom Weavers,Crafting
2022-09-16 04:02:07,156,Aryndis Moonshard,Warrior,Human,137,Defenders of Destiny,Trading
2022-09-28 09:07:46,204,Aryndis Leafwhisper,Mage,Elf,114,Starborn Seekers,Spying
2022-05-24 08:47:32,55,Morwyn Warclaw,Warrior,Undead,46,Hands of Fate,Knowledge
2021-09-19 02:26:28,228,Selendis Ravenclaw,Rogue,Naga,73,Thieves of Time,PvP
2022-12-31 14:06:16,209,Kyrion Lightbringer,Rogue,Human,98,Mind Over Matter,Healing
2022-11-29 02:53:51,186,Raelis Ravenclaw,Summoner,Dwarf,28,Emerald Enchanters,Exploration
2023-03-30 18:23:36,69,Valyndra Bloodfang,Rogue,Human,124,Mercenaries of Fortune,PvP
2023-07-16 00:20:02,253,Aryndis Mistmantle,Mage,Elf,101,The Forsaken,Questing
2021-09-05 04:31:33,61,Elanor Ironthorn,Summoner,Human,40,Mind Over Matter,Mage Training
2022-08-23 03:10:02,82,Aryndis Skyfury,Rogue,Undead,9,Elemental Lords,Questing
2023-07-07 04:47:40,268,Xyphera Firetalon,Archer,Human,32,Guardians of Light,Healing
2022-10-14 22:20:04,243,Elanor Sunshield,Summoner,Naga,67,Emerald Enchanters,Healing
2021-02-05 15:07:10,233,Selendis Fellseeker,Archer,Naga,43,Mind Over Matter,Questing
2023-05-26 07:59:52,255,Xyphera Leafwhisper,Mage,Orc,95,Wisdom Weavers,Crafting
2022-09-13 06:37:51,97,Lyrielle Frostclaw,Mage,Undead,81,Dragon Slayers,Questing
2022-12-28 07:10:49,33,Zyraziel Swiftblade,Healer,Orc,85,Abyss Watchers,Exploration
2022-10-16 12:45:07,178,Zephyra Snowfall,Mage,Undead,252,Starborn Seekers,PvP
2021-09-26 00:12:27,35,Drakan Seaspray,Summoner,Elf,145,Council of Elders,Trading
2022-01-03 23:55:30,213,Veylan Seaspray,Warrior,Dwarf,283,Silver Lances,Trading
2021-02-02 01:45:02,59,Zaela Shadowheart,Mage,Undead,217,Emerald Enchanters,Questing
2022-04-24 20:13:17,66,Lunarion Steelstrike,Healer,Human,137,Defenders of Destiny,Trading
2022-06-18 04:47:52,38,Runorin Grimspine,Mage,Dwarf,128,Crypt Crawlers,Knowledge
2021-12-16 03:07:41,199,Belthorn Cragjaw,Warrior,Human,195,Defenders of Destiny,Mage Training
2022-07-27 10:45:20,59,Zaela Shadowheart,Mage,Undead,50,Desert Nomads,Knowledge
2023-02-13 14:58:35,239,Runorin Brightscale,Summoner,Human,76,Mind Over Matter,Questing
2023-01-21 18:19:36,61,Elanor Ironthorn,Summoner,Human,43,Mind Over Matter,Questing
2022-07-16 06:41:14,178,Zephyra Snowfall,Mage,Undead,13,Heart of Courage,Crafting
2021-02-08 00:40:47,20,Zaela Shadowgale,Archer,Dwarf,67,Emerald Enchanters,Healing
2023-06-19 18:25:08,32,Qelthar Iceshard,Mage,Dwarf,73,Thieves of Time,PvP
2021-09-04 04:06:42,127,Xirelle Darkfall,Rogue,Naga,76,Mind Over Matter,Questing
2022-09-07 05:40:46,38,Runorin Grimspine,Mage,Dwarf,59,Spirit Guardians,Trading
2022-07-08 21:55:55,1,Ulfrik Skyshard,Mage,Elf,83,Hands of Fate,Crafting
2022-02-22 06:45:01,92,Thaelis Firemantle,Mage,Elf,259,Spirit Guardians,Questing
2021-09-02 13:48:08,74,Veylan Earthstrider,Warrior,Orc,14,The Forsaken,Crafting
2021-07-17 20:39:53,103,Drakan Ironbane,Rogue,Undead,201,Knights of Valor,Healing
2023-09-05 18:00:19,102,Quorlinn Moonshard,Mage,Orc,81,Dragon Slayers,Questing
2021-10-03 09:52:50,27,Xyra Steelstrike,Mage,Human,85,Abyss Watchers,Exploration
2022-04-13 00:19:02,198,Elandria Deathbringer,Archer,Human,56,Artisans of Alchemy,Exploration
2022-04-21 11:50:04,199,Belthorn Cragjaw,Warrior,Human,28,Emerald Enchanters,Exploration
2022-04-10 06:43:59,107,Faelthorn Silverbow,Archer,Human,268,Artisans of Alchemy,Exploration
2022-09-19 14:16:10,25,Orin Earthstrider,Rogue,Human,9,Elemental Lords,Questing
2021-11-26 14:13:14,160,Orin Shadowheart,Rogue,Dwarf,4,Heavenly Healers,Crafting
2022-05-31 08:05:30,132,Thera Dragonfang,Rogue,Orc,209,Hands of Fate,Spying
2021-10-22 21:53:56,179,Thorgrim Skyshard,Rogue,Naga,192,Heart of Courage,Spying
2022-12-08 07:03:56,31,Faenar Starshield,Healer,Undead,134,Spirit Guardians,Crafting
2021-01-25 08:52:07,209,Kyrion Lightbringer,Rogue,Human,301,Prophets of Doom,Questing
2021-10-26 02:53:36,107,Faelthorn Silverbow,Archer,Human,209,Hands of Fate,Spying
2022-09-12 17:58:23,199,Belthorn Cragjaw,Warrior,Human,181,Starborn Seekers,PvP
2021-03-29 03:57:01,66,Lunarion Steelstrike,Healer,Human,165,The Silent Footsteps,Knowledge
2021-04-20 19:42:37,199,Belthorn Cragjaw,Warrior,Human,151,The Forsaken,Mage Training
2022-09-29 03:48:20,85,Veyla Frostclaw,Archer,Undead,149,Desert Nomads,Trading
2022-03-02 19:45:54,85,Veyla Frostclaw,Archer,Undead,93,Heart of Courage,Crafting
2022-11-20 16:34:46,59,Zaela Shadowheart,Mage,Undead,217,Emerald Enchanters,Questing
2021-01-06 08:09:29,216,Valdrick Frostclaw,Rogue,Human,66,The Righteous,Exploration
2022-08-19 07:09:04,61,Elanor Ironthorn,Summoner,Human,26,Emerald Enchanters,Trading
2021-09-08 19:32:00,223,Ulfrik Fellseeker,Rogue,Human,76,Mind Over Matter,Questing
2021-12-26 08:11:39,250,Belthorn Ashmantle,Warrior,Dwarf,247,Heralds of Hope,PvP
2021-08-09 13:02:56,10,Thaelis Starshield,Healer,Elf,230,Heroes of Harmony,Mage Training
2021-02-13 10:30:11,80,Zaela Dragonfang,Archer,Naga,91,Circle of Druids,Crafting
2021-10-04 08:01:15,163,Saphyra Bloodfang,Mage,Elf,252,Starborn Seekers,PvP
2022-09-14 14:11:08,239,Runorin Brightscale,Summoner,Human,16,The Righteous,Questing
2021-12-17 15:03:13,252,Raelthorn Shadowgale,Mage,Dwarf,28,Emerald Enchanters,Exploration
2022-11-22 07:56:25,87,Grundor Ironthorn,Archer,Dwarf,263,Dragon Slayers,Exploration
2022-09-23 00:37:59,87,Grundor Ironthorn,Archer,Dwarf,174,Seekers of Truth,Mage Training
2022-09-25 20:31:42,87,Grundor Ironthorn,Archer,Dwarf,174,Seekers of Truth,Mage Training
2021-10-14 20:06:19,61,Elanor Ironthorn,Summoner,Human,209,Hands of Fate,Spying
2022-12-19 14:30:02,65,Azalor Thundersong,Rogue,Elf,28,Emerald Enchanters,Exploration
2022-04-16 11:16:02,33,Zyraziel Swiftblade,Healer,Orc,195,Defenders of Destiny,Mage Training
2021-07-27 19:18:09,246,Runorin Darkveil,Summoner,Orc,81,Dragon Slayers,Questing
2021-11-05 10:26:11,138,Raelis Bloodfang,Archer,Human,78,Prophets of Doom,Exploration
2023-09-04 07:06:21,225,Morwyn Darkveil,Summoner,Dwarf,203,Wizards of the Coast,Trading
2023-05-30 04:16:58,242,Veyla Earthstrider,Warrior,Dwarf,76,Mind Over Matter,Questing
2023-08-15 01:58:51,258,Raelan Leafwhisper,Rogue,Elf,171,Storm Riders,Mage Training
2022-05-09 06:45:51,195,Saphyra Moonshard,Warrior,Orc,28,Emerald Enchanters,Exploration
2023-06-08 13:13:10,226,Keldra Ravenclaw,Rogue,Human,178,Knights of Valor,Questing
2021-10-03 18:04:50,246,Runorin Darkveil,Summoner,Orc,296,Crypt Crawlers,Exploration
2022-04-09 06:19:59,259,Thorgrim Dreadbane,Rogue,Naga,265,The Wanderers,Exploration
2023-03-06 23:18:13,14,Valeria Cragjaw,Healer,Dwarf,62,Elemental Lords,Questing
2023-01-10 12:42:48,210,Xyra Firetalon,Rogue,Human,288,Heralds of Hope,PvP
2021-08-20 15:06:48,22,Gilean Oakheart,Archer,Dwarf,47,Dragon Slayers,Exploration
2023-07-30 23:00:39,29,Zyralor Ironthorn,Warrior,Human,225,Hands of Fate,Mage Training
2021-03-10 23:30:31,14,Valeria Cragjaw,Healer,Dwarf,138,Mind Over Matter,Trading
2023-08-29 04:26:48,55,Morwyn Warclaw,Warrior,Undead,64,Mind Over Matter,Trading
2022-06-07 16:01:36,90,Endora Darkfall,Mage,Dwarf,195,Defenders of Destiny,Mage Training
2023-05-28 20:42:14,14,Valeria Cragjaw,Healer,Dwarf,296,Crypt Crawlers,Exploration
2022-06-04 10:52:50,87,Grundor Ironthorn,Archer,Dwarf,304,Desert Nomads,PvP
2022-03-02 04:04:20,79,Veyla Sunspire,Archer,Human,145,Council of Elders,Trading
2023-03-21 07:20:15,125,Azalor Shadowgale,Healer,Undead,49,Hands of Fate,Questing
2023-04-28 00:53:27,237,Lyrielle Dreadbane,Mage,Human,10,Mind Over Matter,Crafting
2022-06-30 10:29:33,25,Orin Earthstrider,Rogue,Human,56,Artisans of Alchemy,Exploration
2023-04-15 12:55:22,250,Belthorn Ashmantle,Warrior,Dwarf,130,The Silent Footsteps,Mage Training
2021-10-01 12:32:50,258,Raelan Leafwhisper,Rogue,Elf,293,Prophets of Doom,Questing
2021-07-06 17:05:03,156,Aryndis Moonshard,Warrior,Human,116,Mercenaries of Fortune,Crafting
2021-09-11 06:54:34,213,Veylan Seaspray,Warrior,Dwarf,70,Shadow Society,Crafting
2021-02-20 13:29:14,63,Oromis Snowfall,Summoner,Human,76,Mind Over Matter,Questing
2022-11-21 10:12:39,143,Thorgath Ashenveil,Warrior,Orc,249,Emerald Enchanters,Mage Training
2021-12-01 15:01:50,215,Saphyra Skullcrusher,Rogue,Naga,186,Wisdom Weavers,Mage Training
2023-01-09 11:53:10,16,Oberion Ironthorn,Warrior,Naga,128,Crypt Crawlers,Knowledge
2021-08-11 03:10:36,54,Lythra Flamestrike,Healer,Elf,91,Circle of Druids,Crafting
2021-05-10 15:27:34,7,Raelan Frostbite,Archer,Dwarf,209,Hands of Fate,Spying
2021-08-23 23:09:05,98,Zephyra Deathbringer,Summoner,Human,47,Dragon Slayers,Exploration
2021-04-06 14:39:50,199,Belthorn Cragjaw,Warrior,Human,63,Defenders of Destiny,Questing
2022-07-12 08:07:00,66,Lunarion Steelstrike,Healer,Human,62,Elemental Lords,Questing
2023-07-16 23:23:22,92,Thaelis Firemantle,Mage,Elf,19,Crypt Crawlers,Trading
2021-01-11 20:50:08,79,Veyla Sunspire,Archer,Human,120,The Forsaken,Questing
2022-01-03 04:55:21,176,Faenar Earthshaker,Summoner,Dwarf,233,Archmage Assembly,Crafting
2023-07-12 06:23:03,31,Faenar Starshield,Healer,Undead,81,Dragon Slayers,Questing
2022-03-31 19:13:38,144,Jadefang Fellseeker,Mage,Undead,285,Defenders of Destiny,Exploration
2023-06-06 09:56:55,66,Lunarion Steelstrike,Healer,Human,76,Mind Over Matter,Questing
2023-04-07 06:45:16,192,Grundor Steelstrike,Warrior,Elf,59,Spirit Guardians,Trading
2022-01-02 04:16:26,225,Morwyn Darkveil,Summoner,Dwarf,109,Moonlit Mystics,Questing
2023-06-03 19:17:37,87,Grundor Ironthorn,Archer,Dwarf,230,Heroes of Harmony,Mage Training
2022-06-17 13:43:30,52,Morwyn Duskheart,Warrior,Human,134,Spirit Guardians,Crafting
2022-05-20 15:25:33,213,Veylan Seaspray,Warrior,Dwarf,149,Desert Nomads,Trading
2022-01-02 19:42:24,128,Gorgrim Fellseeker,Rogue,Undead,268,Artisans of Alchemy,Exploration
2021-03-04 06:57:02,128,Gorgrim Fellseeker,Rogue,Undead,90,Defenders of Destiny,Mage Training
2022-06-13 03:44:18,97,Lyrielle Frostclaw,Mage,Undead,293,Prophets of Doom,Questing
2023-04-18 18:39:13,22,Gilean Oakheart,Archer,Dwarf,59,Spirit Guardians,Trading
2021-10-11 06:17:41,163,Saphyra Bloodfang,Mage,Elf,1,The Wanderers,Questing
2021-04-10 19:05:04,246,Runorin Darkveil,Summoner,Orc,157,Starborn Seekers,Crafting
2021-05-27 11:25:07,262,Selendis Starshield,Archer,Dwarf,175,Frostbite Clan,Healing
2022-11-08 17:24:13,13,Thaldor Deathbringer,Warrior,Undead,297,Mercenaries of Fortune,PvP
2022-11-04 18:45:04,150,Aerendir Stoneshield,Rogue,Human,297,Mercenaries of Fortune,PvP
2021-03-15 12:32:22,10,Thaelis Starshield,Healer,Elf,29,Heavenly Healers,Questing
2022-09-28 14:02:43,215,Saphyra Skullcrusher,Rogue,Naga,249,Emerald Enchanters,Mage Training
2021-09-15 02:23:51,107,Faelthorn Silverbow,Archer,Human,200,Storm Riders,Exploration
2021-05-02 09:57:06,125,Azalor Shadowgale,Healer,Undead,283,Silver Lances,Trading
2022-12-19 11:00:35,173,Faelthorn Brightscale,Warrior,Dwarf,296,Crypt Crawlers,Exploration
2022-06-16 03:09:00,274,Lyrielle Seaspray,Summoner,Dwarf,219,Guardians of Light,Crafting
2022-03-08 22:50:47,48,Orik Stormstrike,Summoner,Elf,66,The Righteous,Exploration
2021-02-18 16:26:36,10,Thaelis Starshield,Healer,Elf,22,Artisans of Alchemy,Questing
2021-06-15 14:13:08,169,Daelis Dragonfang,Healer,Dwarf,34,Prophets of Doom,PvP
2022-06-20 10:39:48,40,Zyralor Starshield,Rogue,Human,29,Heavenly Healers,Questing
2021-07-22 18:00:41,52,Morwyn Duskheart,Warrior,Human,158,Heralds of Hope,Knowledge
2021-03-31 07:38:17,49,Elandria Shadowflame,Rogue,Orc,116,Mercenaries of Fortune,Crafting
2021-04-22 13:26:03,218,Nymriel Whitewolf,Archer,Undead,262,Hands of Fate,Healing
2022-09-06 01:30:44,100,Zephyrix Firethorn,Healer,Elf,228,Thieves of Time,Mage Training
2023-03-16 05:05:40,240,Valyndra Earthstrider,Mage,Human,30,Seekers of Truth,Exploration
2023-08-31 16:08:09,222,Valeria Stormblade,Archer,Naga,73,Thieves of Time,PvP
2022-04-04 12:58:43,98,Zephyra Deathbringer,Summoner,Human,212,Archmage Assembly,Questing
2023-01-07 23:30:01,222,Valeria Stormblade,Archer,Naga,13,Heart of Courage,Crafting
2023-05-06 10:25:55,178,Zephyra Snowfall,Mage,Undead,116,Mercenaries of Fortune,Crafting
2023-07-15 16:57:58,32,Qelthar Iceshard,Mage,Dwarf,66,The Righteous,Exploration
2023-08-30 19:41:03,258,Raelan Leafwhisper,Rogue,Elf,130,The Silent Footsteps,Mage Training
2021-04-10 23:47:01,187,Thaldor Shadowflame,Mage,Naga,10,Mind Over Matter,Crafting
2021-01-03 02:14:28,223,Ulfrik Fellseeker,Rogue,Human,149,Desert Nomads,Trading
2022-11-26 17:48:41,178,Zephyra Snowfall,Mage,Undead,184,The Undying,Knowledge
2022-08-25 19:24:05,173,Faelthorn Brightscale,Warrior,Dwarf,200,Storm Riders,Exploration
2022-02-14 05:14:28,92,Thaelis Firemantle,Mage,Elf,285,Defenders of Destiny,Exploration
2021-06-15 11:53:54,20,Zaela Shadowgale,Archer,Dwarf,203,Wizards of the Coast,Trading
2022-08-02 00:43:31,134,Aryndis Nightshade,Mage,Orc,203,Wizards of the Coast,Trading
2023-07-24 22:37:02,35,Drakan Seaspray,Summoner,Elf,116,Mercenaries of Fortune,Crafting
2021-04-28 21:10:55,29,Zyralor Ironthorn,Warrior,Human,112,Heavenly Healers,Healing
2023-03-25 22:06:07,100,Zephyrix Firethorn,Healer,Elf,44,The Wanderers,Questing
2023-01-26 05:19:46,26,Thorgal Nightbane,Healer,Elf,165,The Silent Footsteps,Knowledge
2022-07-04 04:49:05,16,Oberion Ironthorn,Warrior,Naga,110,Mind Over Matter,Exploration
2021-07-11 11:31:33,16,Oberion Ironthorn,Warrior,Naga,43,Mind Over Matter,Questing
2021-09-21 00:11:22,79,Veyla Sunspire,Archer,Human,131,Hands of Fate,Trading
2023-03-06 11:47:18,33,Zyraziel Swiftblade,Healer,Orc,10,Mind Over Matter,Crafting
2023-08-22 05:22:16,82,Aryndis Skyfury,Rogue,Undead,277,The Righteous,PvP
2021-04-08 01:36:28,125,Azalor Shadowgale,Healer,Undead,81,Dragon Slayers,Questing
2023-05-07 04:09:05,200,Selendis Swiftblade,Rogue,Orc,93,Heart of Courage,Crafting
2022-08-13 07:36:17,201,Thorgal Shadowgale,Summoner,Undead,293,Prophets of Doom,Questing
2023-02-02 09:37:19,65,Azalor Thundersong,Rogue,Elf,88,Circle of Druids,PvP
2021-08-09 03:03:36,160,Orin Shadowheart,Rogue,Dwarf,40,Mind Over Matter,Mage Training
2023-04-08 14:37:16,223,Ulfrik Fellseeker,Rogue,Human,98,Mind Over Matter,Healing
2023-04-13 09:50:38,22,Gilean Oakheart,Archer,Dwarf,241,The Wanderers,Crafting
2021-10-28 16:46:29,248,Thundara Skullcrusher,Healer,Dwarf,225,Hands of Fate,Mage Training
2021-10-10 07:11:50,173,Faelthorn Brightscale,Warrior,Dwarf,258,Prophets of Doom,Knowledge
2023-01-12 17:26:20,262,Selendis Starshield,Archer,Dwarf,272,Moonlit Mystics,Mage Training
2023-02-26 13:55:37,250,Belthorn Ashmantle,Warrior,Dwarf,268,Artisans of Alchemy,Exploration
2021-10-17 23:59:40,243,Elanor Sunshield,Summoner,Naga,26,Emerald Enchanters,Trading
2022-12-26 18:00:39,237,Lyrielle Dreadbane,Mage,Human,148,Heralds of Hope,Crafting
2021-07-08 09:27:58,88,Ulfrik Ragefang,Warrior,Naga,76,Mind Over Matter,Questing
2021-12-08 10:06:07,65,Azalor Thundersong,Rogue,Elf,90,Defenders of Destiny,Mage Training
2022-10-15 17:36:49,230,Oromis Darkbane,Warrior,Naga,25,Guardians of Light,Trading
2023-01-31 12:50:14,140,Solandria Grimspine,Summoner,Elf,78,Prophets of Doom,Exploration
2022-03-30 18:59:19,187,Thaldor Shadowflame,Mage,Naga,193,Archmage Assembly,Knowledge
2023-09-14 04:47:39,218,Nymriel Whitewolf,Archer,Undead,268,Artisans of Alchemy,Exploration
2023-03-10 09:53:32,134,Aryndis Nightshade,Mage,Orc,9,Elemental Lords,Questing
2021-04-11 18:35:44,252,Raelthorn Shadowgale,Mage,Dwarf,277,The Righteous,PvP
2023-08-21 21:07:30,97,Lyrielle Frostclaw,Mage,Undead,268,Artisans of Alchemy,Exploration
2022-10-22 12:41:20,128,Gorgrim Fellseeker,Rogue,Undead,120,The Forsaken,Questing
2022-12-15 10:46:47,186,Raelis Ravenclaw,Summoner,Dwarf,171,Storm Riders,Mage Training
2021-05-01 18:57:15,125,Azalor Shadowgale,Healer,Undead,1,The Wanderers,Questing
2021-08-30 21:24:33,40,Zyralor Starshield,Rogue,Human,262,Hands of Fate,Healing
2023-07-26 01:41:24,128,Gorgrim Fellseeker,Rogue,Undead,130,The Silent Footsteps,Mage Training
2022-12-20 16:48:30,61,Elanor Ironthorn,Summoner,Human,296,Crypt Crawlers,Exploration
2021-11-26 06:13:17,223,Ulfrik Fellseeker,Rogue,Human,181,Starborn Seekers,PvP
2021-10-17 17:56:14,204,Aryndis Leafwhisper,Mage,Elf,79,Knights of Valor,Spying
2022-08-08 02:16:01,216,Valdrick Frostclaw,Rogue,Human,78,Prophets of Doom,Exploration
2023-01-02 01:37:25,242,Veyla Earthstrider,Warrior,Dwarf,277,The Righteous,PvP
2021-07-30 15:32:42,31,Faenar Starshield,Healer,Undead,206,The Undying,PvP
2022-04-19 12:58:16,222,Valeria Stormblade,Archer,Naga,285,Defenders of Destiny,Exploration
2021-11-17 04:08:11,125,Azalor Shadowgale,Healer,Undead,217,Emerald Enchanters,Questing
2022-08-13 15:06:10,181,Lunarion Darkbane,Rogue,Dwarf,105,Desert Nomads,Crafting
2022-04-19 20:44:08,241,Delgath Ravenclaw,Warrior,Dwarf,201,Knights of Valor,Healing
2022-03-27 13:04:46,215,Saphyra Skullcrusher,Rogue,Naga,116,Mercenaries of Fortune,Crafting
2022-01-22 16:04:08,280,Gwynara Swiftwind,Mage,Dwarf,81,Dragon Slayers,Questing
2021-10-25 01:49:19,103,Drakan Ironbane,Rogue,Undead,28,Emerald Enchanters,Exploration
2021-06-10 06:57:25,253,Aryndis Mistmantle,Mage,Elf,200,Storm Riders,Exploration
2021-06-30 22:29:27,31,Faenar Starshield,Healer,Undead,88,Circle of Druids,PvP
2023-08-04 04:17:54,140,Solandria Grimspine,Summoner,Elf,4,Heavenly Healers,Crafting
2023-07-15 13:46:57,178,Zephyra Snowfall,Mage,Undead,186,Wisdom Weavers,Mage Training
2021-01-26 13:01:43,239,Runorin Brightscale,Summoner,Human,203,Wizards of the Coast,Trading
2021-10-18 02:27:05,85,Veyla Frostclaw,Archer,Undead,264,Mercenaries of Fortune,Knowledge
2021-02-10 06:27:50,80,Zaela Dragonfang,Archer,Naga,237,Sun Warriors,Healing
2022-04-14 09:49:59,107,Faelthorn Silverbow,Archer,Human,10,Mind Over Matter,Crafting
2021-08-23 08:45:29,125,Azalor Shadowgale,Healer,Undead,88,Circle of Druids,PvP
2021-11-25 09:32:20,239,Runorin Brightscale,Summoner,Human,38,Council of Elders,PvP
2023-03-01 18:07:50,228,Selendis Ravenclaw,Rogue,Naga,38,Council of Elders,PvP
2022-04-11 04:26:00,256,Solandria Stormblade,Summoner,Dwarf,66,The Righteous,Exploration
2021-10-17 11:38:11,278,Elanor Earthshaker,Mage,Dwarf,16,The Righteous,Questing
2023-08-08 14:49:01,97,Lyrielle Frostclaw,Mage,Undead,263,Dragon Slayers,Exploration
2022-08-02 18:53:26,179,Thorgrim Skyshard,Rogue,Naga,265,The Wanderers,Exploration
2021-11-08 21:24:10,152,Elandria Stoneforge,Archer,Orc,46,Hands of Fate,Knowledge
2021-12-06 10:30:14,13,Thaldor Deathbringer,Warrior,Undead,107,Spirit Guardians,Questing
2021-09-05 18:00:28,22,Gilean Oakheart,Archer,Dwarf,47,Dragon Slayers,Exploration
2021-03-14 08:52:06,169,Daelis Dragonfang,Healer,Dwarf,46,Hands of Fate,Knowledge
2023-06-27 15:46:41,74,Veylan Earthstrider,Warrior,Orc,34,Prophets of Doom,PvP
2021-09-02 06:18:39,197,Illinor Silvermoon,Warrior,Naga,215,Thieves of Time,Spying
2022-05-01 12:21:48,40,Zyralor Starshield,Rogue,Human,116,Mercenaries of Fortune,Crafting
2021-10-13 10:48:37,100,Zephyrix Firethorn,Healer,Elf,13,Heart of Courage,Crafting
2021-06-18 15:53:22,87,Grundor Ironthorn,Archer,Dwarf,93,Heart of Courage,Crafting
2021-03-19 00:22:14,103,Drakan Ironbane,Rogue,Undead,228,Thieves of Time,Mage Training
2021-08-16 20:18:18,182,Zephyrix Iceshard,Archer,Naga,112,Heavenly Healers,Healing
2021-10-24 18:25:28,259,Thorgrim Dreadbane,Rogue,Naga,107,Spirit Guardians,Questing
2021-09-20 21:41:28,87,Grundor Ironthorn,Archer,Dwarf,192,Heart of Courage,Spying
2022-05-31 21:08:56,1,Ulfrik Skyshard,Mage,Elf,297,Mercenaries of Fortune,PvP
2022-07-21 14:33:10,276,Thorgrim Shadowgale,Archer,Naga,76,Mind Over Matter,Questing
2023-02-04 21:19:19,96,Oromis Nightshade,Mage,Naga,130,The Silent Footsteps,Mage Training
2021-10-23 18:13:51,22,Gilean Oakheart,Archer,Dwarf,178,Knights of Valor,Questing
2021-05-10 19:23:09,7,Raelan Frostbite,Archer,Dwarf,88,Circle of Druids,PvP
2021-10-04 03:52:15,29,Zyralor Ironthorn,Warrior,Human,283,Silver Lances,Trading
2023-06-04 04:19:34,134,Aryndis Nightshade,Mage,Orc,40,Mind Over Matter,Mage Training
2021-09-23 02:49:31,81,Endora Firethorn,Warrior,Elf,5,Heroes of Harmony,Trading
2023-04-05 21:46:01,140,Solandria Grimspine,Summoner,Elf,264,Mercenaries of Fortune,Knowledge
2022-06-26 00:42:04,38,Runorin Grimspine,Mage,Dwarf,301,Prophets of Doom,Questing
2021-11-29 13:27:04,274,Lyrielle Seaspray,Summoner,Dwarf,175,Frostbite Clan,Healing
2022-07-17 13:39:25,66,Lunarion Steelstrike,Healer,Human,243,Artisans of Alchemy,Healing
2021-07-24 00:56:20,199,Belthorn Cragjaw,Warrior,Human,29,Heavenly Healers,Questing
2021-09-04 11:56:51,190,Thorgrim Stoneforge,Rogue,Undead,262,Hands of Fate,Healing
2022-10-27 20:34:38,213,Veylan Seaspray,Warrior,Dwarf,149,Desert Nomads,Trading
2022-11-04 01:11:13,190,Thorgrim Stoneforge,Rogue,Undead,262,Hands of Fate,Healing
2021-01-27 14:28:46,138,Raelis Bloodfang,Archer,Human,76,Mind Over Matter,Questing
2022-01-01 07:13:11,134,Aryndis Nightshade,Mage,Orc,283,Silver Lances,Trading
2022-05-03 00:59:45,13,Thaldor Deathbringer,Warrior,Undead,288,Heralds of Hope,PvP
2023-05-19 06:53:00,135,Xyra Whitewolf,Mage,Human,178,Knights of Valor,Questing
2023-01-25 11:41:49,272,Goromir Skullcrusher,Healer,Naga,59,Spirit Guardians,Trading
2022-12-15 01:05:02,82,Aryndis Skyfury,Rogue,Undead,162,Silver Lances,Knowledge
2023-09-01 20:00:13,59,Zaela Shadowheart,Mage,Undead,141,Frostbite Clan,Crafting
2023-01-17 13:42:44,59,Zaela Shadowheart,Mage,Undead,16,The Righteous,Questing
2022-07-10 06:20:16,215,Saphyra Skullcrusher,Rogue,Naga,206,The Undying,PvP
2023-05-08 15:24:47,242,Veyla Earthstrider,Warrior,Dwarf,40,Mind Over Matter,Mage Training
2022-08-03 10:15:49,147,Valyndra Earthshaker,Summoner,Orc,264,Mercenaries of Fortune,Knowledge
2023-01-10 11:28:57,199,Belthorn Cragjaw,Warrior,Human,120,The Forsaken,Questing
2023-04-23 09:01:55,230,Oromis Darkbane,Warrior,Naga,98,Mind Over Matter,Healing
2022-11-14 13:08:53,69,Valyndra Bloodfang,Rogue,Human,239,Spirit Guardians,Questing
2023-06-27 11:42:57,46,Ashara Frostbane,Warrior,Naga,134,Spirit Guardians,Crafting
2022-12-16 09:15:52,97,Lyrielle Frostclaw,Mage,Undead,237,Sun Warriors,Healing
2023-02-16 10:19:15,74,Veylan Earthstrider,Warrior,Orc,116,Mercenaries of Fortune,Crafting
2022-06-15 12:09:16,82,Aryndis Skyfury,Rogue,Undead,81,Dragon Slayers,Questing
2023-01-20 22:43:21,248,Thundara Skullcrusher,Healer,Dwarf,83,Hands of Fate,Crafting
2022-12-26 20:22:37,259,Thorgrim Dreadbane,Rogue,Naga,212,Archmage Assembly,Questing
2021-05-19 22:06:15,163,Saphyra Bloodfang,Mage,Elf,217,Emerald Enchanters,Questing
2023-01-03 19:10:02,280,Gwynara Swiftwind,Mage,Dwarf,249,Emerald Enchanters,Mage Training
2022-03-19 19:38:20,49,Elandria Shadowflame,Rogue,Orc,104,Emerald Enchanters,Knowledge
2021-06-20 20:34:48,33,Zyraziel Swiftblade,Healer,Orc,4,Heavenly Healers,Crafting
2023-04-03 08:06:43,63,Oromis Snowfall,Summoner,Human,93,Heart of Courage,Crafting
2022-08-02 20:36:20,252,Raelthorn Shadowgale,Mage,Dwarf,231,Guardians of Light,Mage Training
2023-03-25 23:10:30,97,Lyrielle Frostclaw,Mage,Undead,202,Thieves of Time,Questing
2022-10-25 04:11:57,265,Illinor Thundersong,Archer,Naga,76,Mind Over Matter,Questing
2021-05-30 09:32:06,85,Veyla Frostclaw,Archer,Undead,13,Heart of Courage,Crafting
2021-02-24 12:35:46,216,Valdrick Frostclaw,Rogue,Human,90,Defenders of Destiny,Mage Training
2022-12-12 17:47:08,138,Raelis Bloodfang,Archer,Human,37,Thieves of Time,Trading
2023-05-14 05:33:55,258,Raelan Leafwhisper,Rogue,Elf,34,Prophets of Doom,PvP
2023-06-09 18:41:21,163,Saphyra Bloodfang,Mage,Elf,4,Heavenly Healers,Crafting
2022-01-04 14:23:32,236,Serafelle Flamestrike,Archer,Dwarf,22,Artisans of Alchemy,Questing
2021-03-27 10:07:34,256,Solandria Stormblade,Summoner,Dwarf,116,Mercenaries of Fortune,Crafting
2022-06-06 10:08:02,200,Selendis Swiftblade,Rogue,Orc,95,Wisdom Weavers,Crafting
2023-07-06 00:07:47,233,Selendis Fellseeker,Archer,Naga,76,Mind Over Matter,Questing
2023-02-02 19:05:20,76,Daelis Shadowgale,Warrior,Orc,73,Thieves of Time,PvP
